Review ID,Username,Rating,Review Text,Date
2fc30395-b4db-4921-8b72-aaa161326f9a,Aleya Dita addara,5,sumpah game nya seru banget saking seru nya aku naik rank legends😭,2025-05-12 19:39:24
086e28b3-fa88-41e3-82b5-1d536f345399,Pika Chu,5,bagus tapi agak ngeselin,2025-05-12 19:38:13
58b50cde-00d4-4d5a-ab54-2366375447c6,Radit Nub,1,game kikir anjir,2025-05-12 19:38:10
dccc8791-b52f-4743-b8c7-c9703b573e8b,Sri Mulyati,1,gua dikasih dark sistem,2025-05-12 19:37:58
ea91c2d9-910d-4c86-b296-bec87af544f5,Carsono 7,1,lag Mulu padahal jaring ijo,2025-05-12 19:37:57
4945b828-aae6-4544-89a3-d43433e351de,Hanif faisal Zahra'an altair,1,ngasih team yg bener ton capek ks 10 gw,2025-05-12 19:36:31
a1b0ae77-19db-484e-9354-13ebc21e62e0,Muhammad Hafizh,5,game nya seru tapi bisa GK moonton mohon buff lunox 😅😅,2025-05-12 19:36:30
bf073b0e-a840-4679-9cb7-4f99a37bf5fd,Oppo,1,gua dikasih tim poke sedangkan musuh jago jago,2025-05-12 19:36:20
e6fefa2a-6769-4094-aede-aa28a3d24345,Alab yyinah Alba,4,geme ya numayan seru tapi aku udah simpen diamon 9 biru buat nati even diamon kuning tapi hilang 6 diamond jadi sisa 3🗿🗿🗿🗿,2025-05-12 19:36:19
a1e98b63-4440-492e-9254-6401387ac33f,Gw Jelek,1,suka bgt ngasih musuh susah tp timnyaa bloon,2025-05-12 19:36:03
95010caf-5539-4563-b1a8-1e88c98c438a,Jon Jon,5,game nya seru gerafik bagus juga,2025-05-12 19:35:19
c00d325a-6a52-4331-acd5-220dd5347f93,Noval Fatur,1,selalu dikasih tim deraksi stem,2025-05-12 19:34:53
52a08076-317d-4ec6-9df0-279eebfdb181,Akbar Gaming,2,ml turunin lah mb ni saya udah gak kuat hp nya,2025-05-12 19:34:27
8ca82325-27eb-459e-8219-4e1aeac28005,Putra jagat,5,mantap game ini,2025-05-12 19:34:12
10791506-982b-4f99-972d-9b51922d63e5,Mohammad Fadillah,5,sangat menyenangkan,2025-05-12 19:33:47
3a825235-6c96-4d98-8e16-2b54e2caca89,M Ifaz ilyansyah,1,grafik berubah menjadi costom sungguh tidak enak untuk dimainkan,2025-05-12 19:32:58
fd21a064-21e1-451e-841c-90e0d88dcdd0,Ahmad Dzaky,1,game nya kasih lawan GK seimbang aneh!!,2025-05-12 19:32:30
b8a64309-01b6-445f-9988-bdcbf023cfff,revan sinaga,5,👍👍👍,2025-05-12 19:31:22
88fde519-b944-46cb-bd80-97a017e34f75,lukman hakim,1,"lu kalo kasih teman yg pinter dikit jgn kau kasih bot buat kita teman, lawannya jago ya tidak seimbang game lawak",2025-05-12 19:31:13
2046349b-5227-4b2c-b6bb-622ddfe08573,Febriansyah Febriansyah,5,asikkk gamenya,2025-05-12 19:30:45
f19385d3-e3ac-4cb8-8603-b602d962138b,Safi Lanang,5,plis kasih saya winsetrek,2025-05-12 19:30:15
040f7cbb-435e-4416-85a8-19e927bb83c0,Kirana Putry,5,oke,2025-05-12 19:29:55
d5aed23d-187f-43ee-bb50-e09dcad0aee8,Nabil Adithya,1,game ini sangat tolol dan ml tolol kalah terus karna tim dark sistem,2025-05-12 19:28:41
e7106795-8df2-43cd-afbd-adcb10f19e3d,Bambang Hadi suhariyadi,1,game busuk sinyal bagus ngelag,2025-05-12 19:27:50
440387fc-7548-42ff-88c4-b4ae16fa15a9,Mtaufik Fahri,2,game apa ini gua lostrek Mulu berilah saya kemenangan monton,2025-05-12 19:26:58
658074a5-f7da-4048-affd-2b24d44b8819,Aldera Anugerah,1,aku kasih bintang 1 game ini karna game ini game paling rusak ngasih Los strek gak kira² monton kalo mau kasih Los strek ke pro player jangan ke player kecil kayak saya,2025-05-12 19:25:42
84002967-80a9-4bba-90c7-4349670fde8b,Ahmad Rusmawan,1,"kebanyakan update skin, sinyal hijau tapi delay banget",2025-05-12 19:25:11
b687304b-3866-4a8b-825e-892b3f8ed19b,Johanri Saruksuk,5,game nya seru tapi drak sistem kaya ngeselin gitu tapi saya tetap kasih ⭐Bintang 5 walaupun habis lostrek,2025-05-12 19:25:09
c5b93c10-0d27-49e1-a85f-5f97cd8969c4,Agit Seafoamband,1,"MAU NAIK KE MYTHIC AJA DI PERSULIT, KASIH TIM ATAU LAWAN BOOT TEUS.",2025-05-12 19:24:44
5f5ae716-8dca-4bca-bb53-ba5517fe2f4e,Arya Putra,2,gem GK jelas KLH muluk GK di kasih menang anj,2025-05-12 19:24:27
90f209b0-7e84-4ad1-89a0-c64766fa776e,Deri Satria,3,"Kuota banyak,sinyal ijo anehnya patah² pas didalam game tolong diperbaiki lagi sistemnya",2025-05-12 19:24:22
16903281-e0c3-4511-962b-b4b9337de5e4,Yuga A,2,DASAR KAU GAME KIKIR MASA GUA SPIN TOKEN 20 NYA SIKIT DAPATNYA,2025-05-12 19:24:08
c7e9d777-4eef-4452-af8e-24f77294b8e1,Muhammad Roghid,5,mobile legend sekarang mantap coy semoga makin bagus kedepannya nya ya mlbb temanin aku sampai maut ya 🥺😘🥰,2025-05-12 19:23:07
3473f250-f25f-4547-8ddb-021dccce7d1d,Disya Nadia Putri,1,game gakk jjelas udah dark system,2025-05-12 19:22:56
30e3e38e-5967-4b2e-b595-65d076ef1b12,Gojo Satoru,1,"menurut gw pribadi nih game masih banyak kurangnya, terutama dari segi match making minus banget kalau dibandingkan dengan HOK justru lebih bagus HOK (HD, match making bagus, ga berebutan role dan sebagainya). saran dari gw mending pindah ke game sebelah yang lebih seru dan menarik. #tinggalkan mobile legend pindah ke game yang lebih baik",2025-05-12 19:22:36
09978e4e-4cb9-4e7f-a133-2077fbfd94c0,Alvaro Samuel,1,jangan dimainin,2025-05-12 19:22:30
8e99ce6e-01ba-49e6-91b1-acf3223cd573,Dhanyy Dani,5,mantap,2025-05-12 19:21:26
752071a7-9ef1-4da0-a067-638a9ed9294e,Sri Hartati Hartati,1,ga imbang ngasih teamnya,2025-05-12 19:21:13
c77d0934-af24-43ee-b723-6b2540acf6db,azzahra rahma,5,gamenya seru banget sih aku bisa Mabar sama ayahku,2025-05-12 19:20:06
3026dbd0-3d80-40d7-8ca9-7de1cb035a50,Anieza05 Novie,5,bagus,2025-05-12 19:19:55
025d0d2c-9e38-4440-862d-3aee9d19fb75,Paujang Supriadi,5,bang nih ml seru 😎😗😎😎😎😎😎,2025-05-12 19:19:38
315fa426-ddea-492c-b5a3-9b4c74368fb4,Sri Sugiyati,1,"main ml buat ngilangin stress,eh malah makin stress gara gara tim yang ngak seimbang anj",2025-05-12 19:19:32
e92380b1-f53e-4071-9891-e38d95e768c0,TGB Sawitto,1,jelek ga bisa masuk masuk mi ml,2025-05-12 19:19:18
4e8560d8-8899-421b-875c-c30a6779931e,Rizky Tatapa,1,Mohon maaf mas montoon gw kasih bintang 1 ya karena gw sering dapet tim dark sistem dan lag parah pliss montoon gw udah muak gw mau coba game HOK dlu yaa mohon maaf yaa. Thank You karna sudah bikin game yg bagus ini byee🫡😔,2025-05-12 19:19:09
c4a247c8-0577-402e-8940-095c5365df79,Bima Bimbim,1,saya kalah setiap main dan diberi tim yang tidak seimbang karena itu saya kasih bintang satu Monton tolong di jawab terimakasih,2025-05-12 19:18:10
998237d4-8e63-46e7-bb3c-e8640426d308,Arsalan Zaltan,1,game nya burik gajelas dah tau sinyal saya bagus hp saya bagus malah di bikin ngeleg gj game,2025-05-12 19:17:25
6553ae2a-d3f4-4926-8245-1934586908f3,Nur Ikhsan aja,5,wah keren sekali game ini mebuat saya have fun dan kena mental di karena tim saya ala kadarnya dan musuhnya seperti penjoki dan saya kalah mulu dan saya berterima kasih membuat saya hampir gila dan nangis dan satu lagi game ini cocok buat kalian menjadi gila dan selepas saya top up banyak bukannya di kasih menang malah di ajak bundir sama nonton saya senang sekali dan kalian ga usah ikut saya ini dari ketikan mo.....................................................................................,2025-05-12 19:16:40
18c089f7-24bb-4313-8b13-dfcb1dbc2ee9,Anggun Nailatul Ifroh,5,p Mabar,2025-05-12 19:15:00
0be0e268-d9d1-49dd-a63d-858acce1feda,Mrestu,5,game sangat bagus,2025-05-12 19:14:37
0865f7a7-e183-42fe-9eae-e5771d0353b5,PaundraKanha Metheora,5,game sangat bagus,2025-05-12 19:14:09
bd17dfd3-a6bf-4e1b-a280-4b0c8ce00a70,Isra Piliang,1,"awal nya mudah naik kan rank , ketika epik sangat sulit mencapai nya,,",2025-05-12 19:13:32
3579e2b8-338e-4a9c-96a2-40620fcc0c11,Jepry septriana063,5,game penghilang stress,2025-05-12 19:13:19
c9d52038-619a-485b-a8eb-26a2118bef6d,Herma,5,game ini luar biasa menghibur diri dan seru,2025-05-12 19:13:17
bb692ddc-1cb9-418a-8f09-3777dbfe2789,Aries Soekamto,1,"Main jarang seimbang, sudah lama main di kasih tim yang gak bisa main, jadinya kalah terus, terpaksa saya hapus aplikasi ini, aplikasi kayak main judi sistem yg ngerjain. buang buang waktu..saya rasa saya tidak akan main game ini lagi.",2025-05-12 19:13:14
275facde-1471-4a38-8852-4ddd397eadd1,Luthfie Zaidan,1,gakbisa login dan bintang gakbisa naik naik pasakumain Reng di master dua padalanduabintang lagi naik master satu monton monton,2025-05-12 19:13:04
861e870a-0c90-4dc8-8712-44af1b48c61e,Roni Embik,1,Aku suka Dika sih musuh yang keras males aku sama ml,2025-05-12 19:12:24
51222ac7-c31f-4ff4-9829-846bf549ada7,YAN HIKARI,3,Hati hati masuk barak milter sama kang Mulyadi dawg 🗿🤬,2025-05-12 19:12:12
630f737d-f7c6-4adc-91c7-3a74f73b7fae,Ngurah Jyoti,5,eh gajadi game bagus ternyata,2025-05-12 19:11:49
a7f88b96-08e9-45cd-bbef-8f568d70e0ea,Satria Ramandha,5,apik pol,2025-05-12 19:11:39
7a2f92e1-d6bc-470c-aae5-b1f6e04678e6,Santa Wijaya,2,"game nya sih udah oke, tapi kadang jaringan suka naik tiba tiba. padahal sinyal bagus kuota okh tapi tetep jaringan merah terus bikin emosi .untuk pihak mlbb tolong di perbaiki",2025-05-12 19:11:16
03222c9e-0de6-4715-b5cd-777da8f98b1f,Nenek Hj,5,sudah mantabb bgt sihh tpi sebaiknya moonton memberi kita alasan mengapa kita afk soalnya akhir akhir in aku sibuk,2025-05-12 19:10:39
a69c8512-1107-4299-9615-f2eb8dfc61b0,Pokaci 1000,3,bagus juga,2025-05-12 19:10:32
8eafdabf-7411-49b2-a8ab-d0410fa83103,Iki Uwong,1,game busuk aku maen banyak drak system game rusak,2025-05-12 19:09:14
18e90b8e-bc02-4507-9950-de21f0767dd5,Sultan 1922,5,mantap met,2025-05-12 19:07:56
aacd5f81-e1f2-436c-abba-06b8994014af,Oejank Zidane,5,mantap,2025-05-12 19:07:32
77a4dfc6-53ce-4383-bb4e-9f15551024f2,Swardiyansyah,1,game babi matching nya lama kali,2025-05-12 19:06:59
c8fab72c-c5a1-4a81-b355-77726bb27b6d,Khansa Dayana,1,"Sistem matchmaking yang masih sampah, musuhnya trio kok timnya duo?! Sampe skrg emang masih aja blom bisa diselesaikan masalah ""MATCHMAKING"" ini, tim selalu saja full troll, coklat, dan ngga bisa main (beban). Lama² mending pensi main ML aja.😮‍💨 edit 2025: sistem laporkan player makin gk jelas aseli, jelas² player itu feeder coklat point 3.0 dan setelah di report, ""silvana tidak bisa memberikan hukuman ke player tersebut"". makin gk berguna sistem reportnya yak🌑🥱",2025-05-12 19:05:45
3bd2958c-3a3d-4188-8370-52bee4a82d78,Zullfa Adriani,5,game nya bagus g bikin stres lagi saya kasih bintang 5,2025-05-12 19:05:33
8beb1fe8-f97e-4cce-ab9d-0ceb8451187d,Aqila Azhara,1,kok donlot ya lama 😑,2025-05-12 19:05:07
8c76388d-a6a3-44a0-9740-509cfb9b97ea,Imam Qurthubi,5,manteb ni game ml🤩🤩🤩🤩,2025-05-12 19:04:59
9ec91675-b8c7-4557-8403-d4273d87213b,Arifin Dwi pamungkas,4,"Pengen lawan nya yang seimbang itu aja,sama bug bug .",2025-05-12 19:04:54
2c30e8f7-122e-4cd3-875a-4baf07a7de4d,Khafshi Putra,1,game gak jelas masa bot ya tol11 game stress bikin kesil ajah,2025-05-12 19:04:17
01f1030a-23b5-40e7-a12d-e03031cd64bf,Keisha Rayahandoko,5,baguss bgttt,2025-05-12 19:01:31
e94788fa-c7ba-4994-80f0-73332db404e7,Farisa Sarah,3,"Hari ini aku lagi ngepush rank untuk standar grafik dan lain sbg sih oke👌.cuman ntah kenapa pas ng-rank pasti timnya ada yang master, elite, warrior. Itu rank loh ya! aku keberatan bgt apalagi timnya buta map. sementara punya musuh kompak jago lagi. saranku kasih tim yang lebih adil😌trus klo bisa border rank musuh diperlihatkan juga. jangan cuma polos merah biar kita tau itu musuh rank apa🤔aku udh lihat tips di YT tapi timku gitu""aja semoga MOONTON bisa lebih adil lagi🙏",2025-05-12 19:01:27
0299c00f-ca6c-4f28-b029-9ab960cdfb41,Noval Pri,5,keren,2025-05-12 19:00:51
e81b71f6-0a00-4876-9ecf-4af9728438ab,Dewan Aldino,1,singkatnya game bikin naik darah,2025-05-12 19:00:47
2be2e4cc-74c1-4c0a-898a-2a1571184d05,Zibnu Idm,1,"ini serius bug jaringan ga di ilang ilangin?, tolong lah di fix, jangan cuma sibuk buat skin baru sama hero baru, gw udah kalah dalam war gara gara masalah ini, game kalah, tolong lah di perbaiki",2025-05-12 18:58:25
68c6675b-2a77-44c3-815d-1cad80fa2b6e,Bebenn Bebenn,4,Bagus bayet,2025-05-12 18:58:06
6aa7220d-bda3-46c9-be07-44224477a028,Brutal geming,2,surat terbuka buat MONTON sudh brp puluh game saya main ketemu hyper yg sangat GK masuk akal sehat manusia bikin sakit kepala🤌 jadi tolong saya sudh cape,2025-05-12 18:57:49
be250c83-6011-46b5-aa95-2963e460c379,Muhammad Fahri,1,"kasian yang download harus nya lebih sportif dikasih tim nya ga setara sama musuh, bukan masalah gameplay kasian yang losetreak minimal kasih yang seimbang",2025-05-12 18:57:45
c3b6ee0d-c221-4db3-ab19-b4764475d6d4,Vano Gilang,1,game jelek bikin kesel lostrik Mulu gimnya burik,2025-05-12 18:57:42
6c22e3f9-85ee-4c53-9cbc-dc0c6e54096d,Fikri Amarullah,2,dikasih tim ngetorl tapi ini bagus gerafiknya tapii kasilah moonton kemenangan moonton cape dapet tim dark sistem padahal dikit lagi naik mythic loh moonton kasih kemenangan moonton plisss😭,2025-05-12 18:57:08
488bcf1b-3ecc-4cd0-bca5-d9d390e7de55,Haikal Ihza,1,"semakin lama matching gak seimbang, costumer service yang kurang dalam pelayanan, skin hilang ditanggapi sepele, player troll dianggap gak masalah semakin kacau ini game mohon diperbaiki bukan karena saya ingin ngejelekin game ini, tapi karena di CS sangat kurang pelayanan nya maaf sekali, saya termasuk pemain lama dan ingin game ini semakin baik bukan buruk🙏",2025-05-12 18:56:46
1c4bc2a4-2171-4e00-be51-f60b7f18ab19,Asep Misbahudin,5,"game bagus, tp jaringan saya sekarang pas gk main bagus pas main ko langsung jelek",2025-05-12 18:55:26
2cbf21c4-a5c8-464e-9bca-201e66e81c4b,Nizar Candra,3,"gamenya asik dan adil,hampir sebulan bintang gw stuck 35😶",2025-05-12 18:54:42
9b4464d6-2898-4181-b7ce-53bb8165cc76,Kazuto.,2,"nih ya ada sedikit beberapa masukan buat lo montood, napa akhir akhir ini sering delay gameplaynya? kalo pake data delay tapi kalo pake wifi lancar, perbaiki lagi dah sono",2025-05-12 18:54:30
4d53e93d-66b4-48e2-b0ad-1e5101d6f468,Tukiran Wae,4,info mabar🗿,2025-05-12 18:54:26
e7c5c398-6745-47ee-be39-b9fed3b826a7,Muhammad ilham Syawaluddin asyari,1,monton pelit banget dan ngasih temen nya pada tolollll,2025-05-12 18:54:15
0e16ea36-a3bd-4dd7-b9e6-153dd30df10b,Cahya Gumilar,3,pliss lah jaringan bug di perbaiki.. jaringan nya deuh merepotkan banget,2025-05-12 18:54:07
732f3e30-aab6-437e-b705-055479b72de0,Alan Putra [5],5,jos,2025-05-12 18:53:02
1eb58178-b05b-4830-ba1c-d10d1e5a839a,Bernad Lado,1,game burik,2025-05-12 18:52:41
5b766d29-fd73-409d-8d75-846991f8348d,Andre Arthana,1,gua kau naik ke legens malah dapat tim beban,2025-05-12 18:51:35
9c61d3d0-6ebb-421d-b48a-6800cabb5ffb,Ahmad Hilmi,5,Mantaap dan keren,2025-05-12 18:50:30
5bf09ced-ddcc-494a-8680-ce05f751fc47,Zazkia Putri chasanah,5,good game,2025-05-12 18:48:31
9f0de2db-0736-4f43-a7e0-74e52296544a,Ziyad SSn,2,"Gambarnya maaf masih dibawah H*K jauh, kurang berseni/estetis. Dari segi hero, skin, map, efek, lobi, animasi dll keseluruhan msh standar. Pengaturan pilihan lane tidak ditentukan terlebih dahulu seperti H*K, jadi berantakan. Hero, skin, item, efek, semuanya terlalu mahal tidak seperti H*K, heronya mudah didapat/dibeli. Mohon didengar dan jd perhatian agar tetap bertahan dan pindah semua ke H*K. Karena realitanya rating global MLBB anjlok terbawah.",2025-05-12 18:46:13
dec093db-75ec-41b9-a450-3d023986a500,Entel Padil,1,banyak detak sistem,2025-05-12 18:43:14
29254b0d-a16b-434e-b067-f563c32b5f6c,Kml Htn3,5,bagus,2025-05-12 18:42:40
58b35e03-e8d5-4e2c-a3b9-bf1af81994ed,Nesa Nesa22,5,Gem ini sangat bagus ayo ramaikan,2025-05-12 18:41:58
971b96e2-dea5-4edd-87da-ef29688b0d37,Aldi Steam,1,kalah mulu di kasih tim ga bisa main semua,2025-05-12 18:41:56
3c100db2-8403-4457-a239-ad0e54543227,xbox gamer,1,"ping bagus pas di ingame lag,tolong lah montoon perbaiki servernya jangan cuma buat skin.",2025-05-12 18:41:45
ebf4471a-4cb8-4c58-bc2b-f07e10995ff8,sonya heningtyas,5,sangat seru,2025-05-12 18:41:22
1f2eff47-4706-41d1-ba3a-b8e1ba1665f9,Deniz Farsyad,5,game ini bagus,2025-05-12 18:40:37
0eb1fd68-b29c-493a-8e6a-dbea98039dab,Aziz Hurmansyah,5,bagus banget gamenya,2025-05-12 18:40:34
049af6ed-a03e-49ad-ae23-0270aad459c4,Ratna Tea,5,skin nya bagus² tapi ini game uji mental kah moonton,2025-05-12 18:39:51
d1df40b9-541b-4b08-b77f-1ab6573b2625,Irgi Maulana,5,buat monton usahain tolong kalo misal main tolong hapus pemaen yng menggunakan chet gua cape cape main kalah nya sama yang chet jaringan,2025-05-12 18:39:45
140163d4-afda-493c-b8ef-9679cf073d32,UMAR ROUF,1,game haram,2025-05-12 18:37:41
5834fab1-708e-47e9-be55-dbef93127764,Wahyu Alamsyah,1,masa sinyal ijo tapi leg aneh,2025-05-12 18:37:40
fe3c6f97-465d-4e66-88df-542d01af2652,Kevin the boys,1,kenapa pas ulti doang ngefrezz nya monnton anj,2025-05-12 18:36:34
070b6013-b9d7-4b56-8ace-e005f97fa7ff,Asepzaenal Asep,1,game rusak jaringan naik turun terus,2025-05-12 18:36:28
374b5d49-71e2-413d-89a4-af7ae3cd96e2,Irham Anjrit,1,game rusakkk,2025-05-12 18:35:56
1674f416-e1a0-4aac-ba77-7ec4f0253c4b,Gunawan Pocung,1,game gak jelas banyak player gak bener gk jelas maen nya semoga cepet bangkrut,2025-05-12 18:35:01
cbc70b0c-7609-4e4c-9b7d-c4275cfad37d,alkha hijab,1,game tolol banyak dark sistem,2025-05-12 18:34:55
b5c622fb-2ffe-4975-adf4-8434b404e572,Oytesarp Tiyo,1,lag kok terusan,2025-05-12 18:34:33
af1acd0f-f501-4b4b-be08-5859590ff657,Nurdiansah,1,"Game Rusak, Ngasih Tim Gajelas",2025-05-12 18:34:23
0d855b7f-9f46-47dc-b2c9-8b76685c4b95,Fadli Syaputra,1,"woooiiiiiiii maksudnya apaa bikin my sweet heart ls haa!!, bodoamat bintang satu. balikin duluu bintang diaa,, nantii rating bintang lima lagi",2025-05-12 18:33:41
6291e82b-fb15-46eb-83ec-e30960e2c1e8,Pangareto,5,seruh,2025-05-12 18:33:28
94cd6135-32ba-4657-b87f-b89609fdc61f,Asma Yani,5,Kurangin daek sistem,2025-05-12 18:31:55
1424609a-75e5-4766-a515-af63d14cb32f,Kuro Aja,5,saya suka tapi monton terlalu pilih kasih,2025-05-12 18:30:30
cfd2516c-d701-4eb0-abf8-4871751bd87b,Tobi Stark,1,GAME SAMPAH,2025-05-12 18:30:03
1dae5c9e-cf83-47ee-9f29-92a1bd8d8339,Devi 123,2,plis lah adain fitur pas download data tuh bisa pilih dulu data yg mau di download biar enak gak pas lagi pengen download map malah download yg lain,2025-05-12 18:29:44
b1cbff49-b734-4a9e-9747-1671c410a582,Jaelani Jaelani,5,Game nya baguss kerenn,2025-05-12 18:27:42
38b4615c-5116-43e7-afc9-d9d03d5c8098,Treefive Sihaloho,5,game ini sangat seru,2025-05-12 18:27:39
b209681b-e4ef-4505-a012-9e9d1db49f16,Triaska Aska,1,mb ya banyak sering terjadi gelek dihape,2025-05-12 18:26:48
382a9082-86da-4e97-9257-74d21b665eac,Zaidan,1,banyak Bug,2025-05-12 18:26:16
89312bfc-a386-4249-a179-d0f710af735c,Oscar Bradon Alexander,1,"kurangin Collab,perbaiki masalah jaringan",2025-05-12 18:25:47
a182078e-db0e-47d2-b552-6f873a28ea3a,Dian Khanifah,4,"minimal klo tim kalah trs dapet mvp bintang ga turun lah, cape banget",2025-05-12 18:25:44
d40a9d4f-0218-40c8-80ca-aed12e2a93fb,De Nis,3,parah ngeleg parah,2025-05-12 18:25:42
8095d31b-2370-4709-b6ae-7b4b09a627a9,Irma Yuliani Lahat,3,moonntoonnn tolong beri saya win streak masa ketemu dark sistem Mulu tolong dikit kan dark sistem nya,2025-05-12 18:25:13
ae0c7c33-8124-445b-bdf0-26b513150cef,farhan,5,karena game sangat bagus,2025-05-12 18:24:58
3c4a18b7-59de-4f04-afc8-3837649c837e,HAS Onfire,1,"udah top up banyak , giliran ada masalah di akun , akun nya di curi gak ada pertolongan sama sekali dari moontoon game ampas",2025-05-12 18:24:39
ed45dd58-00fb-4dbf-828a-029fb6b4fe3e,Ismail Marzuki,5,saya sangat puas dengan kemenangan itu,2025-05-12 18:24:36
c9005027-cb66-4b8e-85d7-cc043a702f1a,Ulfa Helviani,5,bagus bag kasi naik levelku izman,2025-05-12 18:22:59
97714493-2c5b-4b75-997b-82f7e61b13bb,Pelangi Agustin,5,aplikasi ini bagus ☺️🤗🧸 aku suka sekali,2025-05-12 18:22:58
d2df0a04-078e-4f06-a188-cd964c643735,ASWAJA SUNDA,4,suka sih,2025-05-12 18:22:55
f8e912f3-9881-438e-9bd2-d49c7633c4c0,Selvi Jambi,2,"ni geme bikin stress ,tim pada ngawur ,ego,dapat tim ga bener mainnya dan ada yg make chit yang bikin ga enak mainnya ,dah sekian dari sy :3",2025-05-12 18:22:44
8ae863fb-0c3e-4a9b-a163-d769577b75cd,Rangga,5,gem nya bagus terus skin naruto nya keren,2025-05-12 18:21:51
22319330-1805-4644-b645-d6d253e97521,Vino Chika,5,bagusss,2025-05-12 18:20:44
c3711e9a-b630-4f13-8669-a336e12ece91,Afif,1,gak usah maen bikinn stresss soalnya,2025-05-12 18:20:33
2ee814a3-15a6-4ff6-b7b3-7d0cb048eb4d,Fasha Aghnia,5,game banyak dejavu nya.,2025-05-12 18:20:11
3cd0b5c5-f329-4819-bf65-6894fd827c13,Atirah Atirah,5,bagus sih tapi aku sering losetrik montoon 😭😭😭,2025-05-12 18:20:04
c529d6dd-5957-477f-ac6c-48faeb296a7a,Bintang,4,seru si min tapi banyak banget min dark sistem nya sumpah cape gw,2025-05-12 18:19:36
033d7696-0cdc-4b0d-b2df-02dc34e2dea8,Titin Tin,5,sangat seru,2025-05-12 18:18:24
ca53b1f8-2e03-4058-9892-6e0ca82d4ecd,Mobile Legenda,5,"entah kenapa sekarang KLO masuk rank Suka lama masuk nya sampai nunggu 50 detik. biasa nya sih 13 , detik dah masuk serangan kga masuk coba di perbaiki lgi dong monton. tapi saya suka games nya seru",2025-05-12 18:17:40
8fed1dff-bc85-48ba-9102-a6c8ea4fd907,Bintang Putra,2,"Moonton kalo kasih tim dark sistem mulu, udah tim dark sistem musuhnya pro",2025-05-12 18:17:22
f634a84c-c2cd-458c-9b6f-6cd6ede8edfd,Jodi Sampit,5,game pavorit dan seru 🤟😍,2025-05-12 18:17:20
d21ea756-2612-4044-a1d1-25ee273071c9,Alfajri Wolez,3,mau naik rank susah amat gara gara dapat tim dark system.. tpi musuh nya jago jago sementara tim kita dark system beban tolong perbaiki dong biar betah main disini,2025-05-12 18:17:03
d21cb1fb-e5bb-42d9-8c60-b5836ebaa517,Riki Riki adi,5,kasih lawan keras muntun,2025-05-12 18:16:24
8d1ddf64-4813-4ded-9443-8250c5a34640,Blue,1,game kikir,2025-05-12 18:15:55
06cd117d-b8de-4a8c-9d6f-2182abcf45e1,Yarman Hulu,5,mantap👍 kembangkan moonton saya lose streak sebanyak 15 kali dan saya sangat bangga😀😀,2025-05-12 18:15:50
e26ced73-b779-4b8b-9f39-b6f3cc8f1308,Grs Ganteng,5,game elek bosen aku ketemu tim bot nggak seimbang tim ya tim musuh lebih gg tim ku poke aku yang mvp pulak,2025-05-12 18:15:45
77bc07a0-94ad-4064-8a7b-bbc042a9b8a1,Mustofa Firman,1,di kasih tim badut ga imbang,2025-05-12 18:15:08
1e559e64-db1e-4641-80d1-959e60515f5c,Muhammad Kadir,1,game ya bagus tapi tolong di perbaiki soal jaringan ya dan pembagian tim yang adil 🙏🙏🙏🙏,2025-05-12 18:14:59
bc13bb67-8da2-4d22-84e1-15139db91e89,Nikmahtul Fadilah,1,moonton tholol,2025-05-12 18:14:38
9bc83b31-53c6-4849-a280-d908f205f583,Rhudy Bmy,1,game kocak masa lostrek dari bintang 39 sampe turun ke 20 mana adilnya👎,2025-05-12 18:12:55
120d9382-fd6b-4bba-8f25-754137672c89,Iyank Deni,5,game yang sangat bagus,2025-05-12 18:12:01
aec81a8b-bb22-4fa0-91bb-481c46207a47,Abdul Muksin,5,ok,2025-05-12 18:10:57
d06bfd3f-f8e8-4704-b588-3c75385b3703,Muhaimin Furkon,5,sangat seru dan hd banget,2025-05-12 18:10:18
df5e4312-6024-4672-af6e-a5bd156b3d15,Hasan Basry,5,ok,2025-05-12 18:09:39
0472e9bd-1c69-44d2-bde3-f35f1ec26d76,Mahardika adhyastha,1,game babi,2025-05-12 18:09:21
a9657a63-b02a-4cdf-bbe7-a11ba56ca00f,Oppo A16,5,ok mantap game nya,2025-05-12 18:09:11
86d4675b-1d80-4585-8b80-ecb95e999936,Dindaayupratiwi_25,5,"dibandingkan game online yang lain, saya lebih suka mlbb karna mudah dan tidak banyak pengaturan dan peraturan nyaa",2025-05-12 18:07:31
053d5053-d2d8-4f13-a410-98126ce35adb,Kemon Mon,5,tampilan enak bagus untuk kehidupan kita semua,2025-05-12 18:06:35
6382e66a-2042-4e2f-bf80-71454e93db52,Firman Syah,5,tolong menangkan pertandingan saya 🥲,2025-05-12 18:04:51
3d281c81-7dd7-48e3-9480-b42b170ba164,Deny cah singkut,3,game ini tidak bagus tidak jelek kadang dapet tim jago kadang dapet tim beban,2025-05-12 18:04:44
68de5ea7-069b-49af-8db7-93e762a2b7d5,Daniel Kristian,1,drafnya benerin dulu dah yg adil,2025-05-12 18:03:20
57869ccb-f3b1-4b93-a2c4-107ae33bfec7,denden bulssit,1,"game kbnyakan draksystem moonton lah draksystem nya ,hebat bnget",2025-05-12 18:02:11
37a69c94-7a2b-4e5f-9fad-d57a4fc8dbcf,haris md,1,perbaiki lagi... masih banyak lag yg menyebabkan mati,2025-05-12 18:01:43
a2d3493d-b410-477b-b8a2-ed8dc9d5494c,Fatkur Rohman,5,oke baik,2025-05-12 18:01:28
1244a376-329a-4911-9ac5-929cf993bb24,Jennifer,2,bagus banget ml tpi saya sudah upgrade mobile legend nya tapi tidak ada perubahan seperti orang lain gimana ya saya tidak terima,2025-05-12 18:00:47
5c2801f2-1111-4ff7-991b-67efefb86505,Asep Rajin Menabung,1,game kontl,2025-05-12 17:59:38
98810845-6e2b-4a0a-a3f4-561e0f315bd6,Zayn Emir Kanara,5,game yang sangat bagus Terima kasih monton kerja yang bagus game yang kreatif seru dan sangat baik untuk game ini keren sekali monton itu sebab itu saya beri bintang 5,2025-05-12 17:57:48
03f32028-dd17-41ca-a6b8-70d6c99f9316,Via Alviacrisnata,5,aaslinya mau ke honor of King tapi mb nya lebih besar jdi ga jdi,2025-05-12 17:57:41
d543865b-ceae-4f5e-b9b8-3973b849f36d,Fathur Rozi,4,game nya bagus tapi 1 kekurangan gw mau mitik malah ketemu sama dark sistem,2025-05-12 17:56:31
cdf5c891-ec8b-4fe1-b937-ced9bffbec79,Kinan Wahyu dwi,5,game nya seru,2025-05-12 17:56:04
2c2c3ec1-c803-4911-9536-d87eabe5b7b8,Kura Java,5,Selalu Dapat team Dark,2025-05-12 17:54:37
8f66288a-5cd1-4f1a-9e2c-8c3cea0b24ee,Ahmad Syahbani,1,game gk jelas,2025-05-12 17:53:52
c8a619f9-b6a4-447f-84d5-a9c1f344ac7a,Carselo Steven,1,game terbaik sepanjang masa,2025-05-12 17:53:37
7a30cdfa-3b2d-456f-9140-591d272646bf,huerlinaa putrie,1,"TIM SENDIRI SAMA TIM MUSUH GA SEIMBANG, ANEH.",2025-05-12 17:53:15
b08f3b7f-b0f9-4e0a-ae6f-caef05d8571b,Zaki Zidan,2,"Monton mohon diperbaiki sistem magic wheel, karena rasio dapatnya terlalu sedikit dan saya udah menghabiskan banyak dan saya tidak dapat satu pun magic core, jadi monton tolong diperbaiki",2025-05-12 17:52:33
40c47a81-2457-443a-89ad-e654fe68e268,Tasih Jb,5,gacor,2025-05-12 17:51:10
cab8881a-53b8-4479-89a2-799daec59d40,VinSanjii,1,Game yang tidak adil,2025-05-12 17:48:28
46eb5685-92dd-4496-8860-31f484eeea06,khaliza auliasopyan,5,oke,2025-05-12 17:48:25
4965522d-644f-4419-8d3f-a6c0a607a57a,DAFFYAN ALFARO,2,apalah nak glory pun tak di kasih padahal ringgal 4 bintang lagi😭,2025-05-12 17:46:52
80b3f93a-7fdb-483a-80f1-459598569cd9,Anna Velang kanni,1,game mati suri unisral aja boros paket internet juga😡😡😡😡😡😡😡bikin emosi dan jslau eror bisa jeluar map jadi mati ihhh menyebalkan,2025-05-12 17:45:07
638388a2-c861-4414-b189-6f19feac1e1b,Haical Rasyid k,1,GAME RUSAK,2025-05-12 17:44:00
1942a3a6-a5d8-4423-9d74-fd1b26df5211,Rich Syam,1,"terimakasih atas kekalahan nya, sepuluh kali lagi kasih dak sistem lagi ayo?",2025-05-12 17:43:31
a9e16a6f-a893-4f45-9fe7-63306c818af4,Zamm,5,bagus...,2025-05-12 17:43:31
f0824c86-3560-4cf4-9666-5361370c2d54,Janda Heboh,5,boleh,2025-05-12 17:42:33
fb21733a-90f5-41bb-8280-785a6911240b,Bagja Sukmana,1,leg mulu..malah sampe heng..,2025-05-12 17:41:31
739354f2-5281-46f8-927f-1009fe1d0dbc,Ani Istiani,3,mantap,2025-05-12 17:37:03
8104d580-8e18-4450-8bfc-dbb9675efc71,Xsan Xsan,5,game stress banyak player bodoh,2025-05-12 17:36:30
7181086e-8647-446c-b1a9-2252ff55ca8c,Syafa Marwah,4,sangat baguss,2025-05-12 17:36:15
0e36683d-d4fa-4fd3-b586-07dbdb6c4b6d,Karino Sufriyadi,4,"seru, tapi kadang bug juga sih, saya suka dengan game ini bisa bermain dan berpetualangan.. seru.. tapi saya bug nya lumayan parah, tapi saya rating ya segini saya suka permainan mobile legends ini.",2025-05-12 17:34:50
f78769d4-30c4-4049-b3a6-e00273ee71f9,Rika Agustika,4,game ini bagus sekali tapi gua kalah mulu,2025-05-12 17:34:44
771bdf80-e06d-457a-a208-bd2754f29bc1,Bilqis Naira,3,"Makin berat rek ga asik makin berat memori saya makin penuh rek,update nya bagus tapi memori saya jadi penuh😗",2025-05-12 17:34:05
6105ebeb-eb8e-438b-809d-9ec3ea14d4db,Gigih Darmawan,1,terlalu banyak org yg mengunakn jasa joki lalu ketika bermain dengan pemilik jadinya lol,2025-05-12 17:33:55
60555ec1-24c9-4593-9c57-cbcb67ef8de5,Andi muhammad Rangga fernanda,5,mendownload nya sangat lama sekali,2025-05-12 17:33:52
a41a5c01-b872-4993-92d6-871aa76ec15e,Rahmat Jayadi,5,SELENA DI BUFF AUTO BALIK,2025-05-12 17:33:52
ab9393ab-d6c6-4a0b-b784-3153441c8830,Wahyu Tri angraini,5,seru bangett,2025-05-12 17:33:11
01ed8d80-a54e-457b-9e0b-1b49deda6496,Teguh P,1,"moonton kasih tim yg bener dong bukan yg beban, jadi males main klo gitu",2025-05-12 17:32:11
b81d1806-7c83-4fa2-9e9f-670be2eb1a25,Icen Pga,2,bikin emosi.....akun saya sering kembali sendiri....,2025-05-12 17:31:48
9479d0ae-7a24-4ecd-bdc6-6f808c224b03,Gerald Abbimanyu,1,banyak pemain kunyuk dan dark sistem,2025-05-12 17:29:09
ba2dd743-3b17-4f5c-9112-04159b1dadd8,Awan Lancebot,1,game ini susah bnr dah gw mau naik mityk juga selalu di kasih tim gjls musuh pro muak gw,2025-05-12 17:29:01
28aff7fe-e433-4608-935d-e7829bf59319,ciiul lifalf,1,moonton ga bener F.,2025-05-12 17:28:55
780eefd3-718d-4c41-9f6c-647920d37aeb,DEVIA_ 163_BL_,5,👍👍👍,2025-05-12 17:28:50
d80c33af-08f8-4027-bde2-ca51359c9d98,Galang 074,1,jaringan ijo ko masih lag masalah jaringan game ini mohon perbaiki jaringan,2025-05-12 17:28:46
1ad0092f-8763-4c25-aad6-8e5f78846623,AVVAN Id,3,terkendali pag saat masuk relog ke awal loading screen,2025-05-12 17:28:15
30b90ff7-f7a6-4775-8771-3c2a1d2e5be0,Muhammad Haikal Pasha,1,plis lah kasih tim yang bener napa gitu gapernah ngssih tim yang bagus pasti burik burik semua,2025-05-12 17:26:10
318fe0f7-08d0-45f9-9703-a816920523f0,Farizal Hammy Tertiansyach,1,"Tolong buat developer, tiadakan yang namanya fitur laporan player tidak berkontribusi. Karena tidak semua player itu mendapat moment yang tepat pada match sehingga dia dapat bronze atau silver. Dan player yang sok melapor seenaknya merugikan player player yang bronze dan silver, credit score mereka berkurang terus dan akhirnya tidak bisa main ranked. Tolong perhatiannya moonton, player cupu jg pengen main ranked di public,ga hanya player yang sok jago. cm krn credit score rendah jd gbs main rank",2025-05-12 17:25:47
cb915256-27d3-4c63-bc74-22435418021b,Bima Ubay,3,kasih gw menang lahh tunnn,2025-05-12 17:24:11
0a4e6a49-be4e-480f-bb75-8c4106fe4c09,Setiawan JT,4,"ditingkatkan lagi,",2025-05-12 17:23:58
f497e392-0f54-4955-96d3-229e21a14747,Kenfatih,5,bagus banget game nya,2025-05-12 17:23:24
2f24c349-7736-4cf8-842f-9c49926e77ee,Mbah Kakung,1,ini gm aga laen padahl lgi ngejar keredit sekor ga mau nambah keredit sekor nyg ga seru lah dah ngepus terus eh malah ga nambah,2025-05-12 17:22:25
b299b7a2-d8d2-49d4-9966-cd4ddeb0b06d,Siswanto,1,event naruto nya mana?,2025-05-12 17:22:21
b162b6a9-0f44-4b57-9b8c-c16f14cf77e4,Hadi,5,mantap dh,2025-05-12 17:22:12
4a322dd2-f747-4f95-90da-9c3c3a0cf9bc,faiz mubaroq,5,game bagus tapi kurang banget bagus semua Hero bangus cara main nya juga simpel tapi susah,2025-05-12 17:21:51
6615475e-8b48-4d34-8831-d519279fdfc6,Firman Hidayat,1,makin lama makin lag ga tambah bagus padahal paketan internet masih banyak parah,2025-05-12 17:21:02
279fbc99-6ab5-4dcc-82c1-3714843536ea,Fatiah Hafiza,5,sangat seru dan tanpa data aku menyukai game ini kerna pendapat aku ini sangat seru di mainkan dan bisa main sama temen 😍🙏🏻,2025-05-12 17:19:24
3e2753c4-1d90-4542-a41a-da55f1fe2a0b,Yantik Rbg,1,game matisuri dan setelah abdet ada membuat fidio sakura sesat ful,2025-05-12 17:18:30
b144fe44-a635-4ee5-a3be-5022da6ade37,Erry umifaizziya,5,semoga dapet winstreak amiin,2025-05-12 17:18:26
03260de2-fa31-4554-b446-8b35deeaef0a,Refy,2,tolong dong jgan lag trussss heran,2025-05-12 17:18:13
6b3a0e02-0f3f-448c-880b-f8487bbb0c14,ARIEF DWI WIJANARKO,1,game tolol gw di kasih kalah 23× ngotak lah,2025-05-12 17:17:50
c0bf7c01-dac8-441c-bdc8-405a0e939589,arta GG,1,gak ada ruma,2025-05-12 17:17:41
433c1354-f295-4fbc-8581-c41ea090f2a9,Abdurahman Sholeh,3,karena banyak orng yang gerti namanya rotasi hade,2025-05-12 17:16:46
4c8d6911-3f06-46d1-9111-982d754d1ba1,Raffela Gusena,5,seru tapi agak ada sedikit ngebak sedikit 🤏 tapi dan itu aku maklumin ga papa tapi untuk game nya bagus,2025-05-12 17:16:09
5b90f96c-102f-413c-b022-dc098ca8757d,Kukuh Tegar,1,"game sampah,apa coba matchmaking sepadan ketemu tim dark sistem mulu,saran aja kalo dapet tim dark sistem musuh jangan dikasih yang jago2 semua lah,sampah banget tim yang dikasih .gendong2 mulu ga ada hasilnya malah turun",2025-05-12 17:16:06
3ef658bd-f613-4efa-85b5-ab5ceca214b8,Jimmy,3,banyak kualitas yang baik,2025-05-12 17:15:33
a5d9ff4b-487f-480f-ae41-38850e6095c5,Fany Carissa,5,awalnya itu aku gasuka sma game ini tapi lama-kelamaan jadi canduu,2025-05-12 17:14:25
7b682f43-e64e-4660-a933-855c23c77297,Ade Prasetyo,5,good,2025-05-12 17:14:02
122b7ac9-6a07-4a14-b06e-842fa070307e,Roy Martin,1,apalah ini game publik kagak ada yang bener,2025-05-12 17:12:48
f716fdc9-72c1-4aa2-ad86-f3852c3b353d,Lia Jawai,1,teman Ama lawan tidak seimbang semoga di perbaiki.,2025-05-12 17:12:05
f8605393-8b1f-4e14-bbef-a5113597b87a,eriko wahyudi,1,tolong perbaiki match matching solo duo dan trio. dapet tim mainnya gajelas semua. terus musuh ranknya glory,2025-05-12 17:11:48
ef8488cc-5332-4524-8551-e748ac6b85b5,So Pi,3,seru sih tapi gak seseru tahun 2020/2023😭,2025-05-12 17:11:01
6d541d5c-8104-45e9-98ab-026d42990406,Unen Nurduansah,1,moonton yatim piatu,2025-05-12 17:11:00
4a2f93a2-3719-4f4c-b3f8-6fc5727bc2d6,asatronot,1,"Moonton internetnya tolong dibenerin, padahal jaringan gua bagus. Wifi, sinyal, udah mentok batangnya, udah full, hp jg ram 8, aplikasi dikit. Kenapa di game patah patah, sm jumping banget woy. Fix lah moonton, bikin gua males maen. Buat apa banyak hero baru, banyak skin baru, event-event baru, tapi masalah internet sama aja. Asli, muak gua, moontooooooonnnnnnnn, geramnyo. Tolong ya, Moonton, gua harap feedback ini dibaca dan diberi solusi, atau langsung aja perbaikin.",2025-05-12 17:10:10
667a432e-5b64-4eb2-9a43-c0f5d3371528,Ruby Labitta,5,game nya seru plis berikan saya skin epic,2025-05-12 17:09:00
595dca20-7d2c-4a37-8f5a-1751a8a29402,Ali Adlan,1,"bagus sih bagus cuma bikin stress udah enak main malah kalah, pelit skin, yah intinya bikin stress tolong perbaiki game nya sesuai yang di inginkan player",2025-05-12 17:08:48
bf1da5a6-2c61-4343-b0db-ee9586e9236d,M hafid Arrassid,1,"GA USAH DONWLOAD GAME INI, sumpah ini game aneh banget, bikin pusing mulu, pdahal sinyal lancar bagus tpi pas main tiba tiba diley,",2025-05-12 17:08:34
066859af-0ad5-4b8c-add7-497b27ca818d,Zaenuri Ardo,1,"gua kasih bintang satu, masalah lu apa sih Ama gua moonton kalo ngajak berantem sini ayo gua udah lose trek gak di kasih menang Ama lu ya ok kalo gitu mau lu kalo sampai gak kasih menang gua ban game lu titik.👎👎👎👎",2025-05-12 17:07:36
bda09e8a-7a99-4b2c-87c5-160e39b250e1,Angeline Kurnia permatasari,1,tolong di berikan hukuman karena beberapa saya main ketemu lawan menggunakan cheater dan skill dapat meningkat serta di ban akun yang menggunakan cheater,2025-05-12 17:06:11
87264864-f6b9-49dc-b653-e0537488faa1,Horas Herman,5,mab nya seru tapi aku saranin ada mab baru dan demage nya gedein dikit dan tambakan skin yg bagus seperti Nana Chang 'e dan lain lain cumah itu saja yg aku katakan kalo ada salah mohon di maafkan 😇🙏🏻,2025-05-12 17:06:04
99b6a890-c3c6-4b0c-b84a-8c4219dc0148,fitra pratama,1,dapat tim poke sampai org stres,2025-05-12 17:06:03
20473427-02f0-4721-9330-1e25ef542ad5,Zulfan Satoru,1,lu kasih tim dark sistem mulu anj,2025-05-12 17:04:50
55f2ae4c-bc69-4f39-a6b8-beeb6bc03195,Bibi Dwi,3,kurangin darksystem .,2025-05-12 17:04:25
08e89220-d732-4bfd-b4a7-d695c7f7d339,Rizki Hanif,5,keren banget,2025-05-12 17:04:20
8d25e9d0-eed3-496c-9c70-99cc4555f8a5,abdul rahman,1,kek asw,2025-05-12 17:04:07
e4da30f8-b187-4ae6-91e4-f31fd6c605d9,Ahmad Gabriell,5,saya menyukai nya,2025-05-12 17:03:42
4cca06b7-f76d-46f6-887a-278cd0733055,Ikl I'll ma Iklima,4,bagus sih cuma kenapa aku stak di epic 😭😭😭😭,2025-05-12 17:02:06
054865cc-856e-48be-ab37-4513d1890bc5,Fairus Safie,1,monton gak baik,2025-05-12 16:59:21
1edfa9df-8741-4bdd-ba71-be027251ba34,wiwikanggraini02@gmail.com Eni,3,sebener nya nih game bagus cuman masalah jaringan aj padahal sinyal ny udah kenceng lho. trus kalo AFK karena sinyal jelek akun gw yg disalahin emang aneh,2025-05-12 16:59:15
a689899b-95b3-4fd5-a588-a6b4f624f87e,imus muslimin,5,Geme ini mantap...tpi kalo perlu murahin lagi mb nya,2025-05-12 16:58:27
08ce50e4-f7f4-4991-8935-0c95b8bb5d05,Rivan Fajri Nugraha,5,game nya sangat ramah bgt,2025-05-12 16:57:59
dd8024ce-4a5c-48ed-b2bb-7048116a75f9,soraya evayuliana,1,moonton ngasih tim yang nener dong,2025-05-12 16:57:55
d79f39a1-07bd-4407-855f-0a4d8f39cb4c,Radika Al Rozak octavian,1,lose streak terus dapat tim kek babi,2025-05-12 16:55:41
e7ac95ef-cb7e-4633-8b95-c82f0bc684fd,Salsa Cahya,1,"sistem udh mulai rusak gw maen DRI pagi sampe ketemu pagi lagi kg naek naek bintang, ketemunya lawan yg g setara Mulu udh 3 seson gw gagal imo gara gara dark sistem",2025-05-12 16:54:41
f12228dc-b909-4188-9d79-7b25e5ec9660,qihh tambal ban,1,hari-hari ketemu draksistem terus sampe epik 2 lagi kalo gw ketemu draksistem lagi gw main HOK!!!,2025-05-12 16:54:37
87462e90-e4a4-4727-96ea-0954d6113e67,Aw An,1,"Gue main mobile legend losee streak di kasi menang 1 kali kalah berkali kali, juga selalu di kasi tim yang gak benerr ,,, sekian,, mohon maaf🙏",2025-05-12 16:54:14
93160b48-d9e0-4529-bfd8-2c56400e59b5,Sanusi Sanusi,1,game lag game pilih kasii!!!!,2025-05-12 16:54:01
57a6bfc7-7dba-4f36-9586-f47e5cb4adf1,Sefran Zulianda,1,game apa ini Cok gak ngotak lah,2025-05-12 16:51:18
0e00ab0a-c476-45a8-b3d3-824adc588006,M.Haidar Hadrian,1,Kalian yang maen game ini mendingan hapus aja dh gw maen bukannya di kasih menang mlh di kasih dark sistem monton monton,2025-05-12 16:50:07
ad24f10f-8d18-4f21-b959-7669cd014be3,Putra Faiz,1,gamenya menyakitkan udh mau immortal mlh turun 7 bintang sakithatiimutku😭😭,2025-05-12 16:49:38
4cd26a2a-89ee-474b-a2c0-d45c17d53b0d,Sigit Setiawan,1,sering lag & susah sinyall setelah updeet kemarin,2025-05-12 16:49:36
9b5682c9-b038-4652-b935-777964ea6ffb,Dian Sutisna,5,naroto,2025-05-12 16:49:07
e3f4a76d-1395-419a-a30a-1165a3b02a45,LUNOX Ice Creem,3,hpus aj gameny,2025-05-12 16:48:42
e46e4082-c2d8-4bfa-a26a-1c056098ce7f,Denata Tata,1,monton tolong dihargain kalau kalah mvp bintangnya jangan di turunin males bgt dapat tim dark sistem,2025-05-12 16:48:15
dda055c2-9656-45c8-b845-efc01643612d,Malvin 25,5,Game nya bagus banget apa lagi kolep nya beh makin bagus 😁😁,2025-05-12 16:47:57
d92b7910-688c-4f55-a247-be0d12826b2c,rajutan,1,"gamee taikkkk,klw SDH wss pasti dpt kawan lol musuhny GG"",",2025-05-12 16:47:46
075da4c7-c006-4f44-b57f-950cba4dfefb,Rijal,1,Keseringan update bukan nya lancar main malah tambah ngelag tolong di perbaiki masalah jaringan,2025-05-12 16:47:35
272bed71-4890-4b7a-9480-e57127e1d318,Arkan Syifa,1,"game apa ni masa sama sama skor 5 kok aku saja yang coklat moonton Jan main ni game plus kok ada bug juga dan kalo revamp heronya gak ngotaksemua op op jir, yang setuju pindah game",2025-05-12 16:45:09
b73867c4-73dd-48ae-8317-606e97f27685,Darrel toti,1,game gajelas,2025-05-12 16:44:47
f9ab040e-1b10-40e2-bb7a-d76c3bfd3dad,Danis Belagak,1,tanggung jawab moonton adek gua sampe minus 8 mainin nih game katnya kalh Mulu tanggung jawab lu,2025-05-12 16:44:08
b22bfcc1-cb92-44ce-bdf9-16f4e23dc8dd,zam op,1,aku lagi gabut maen ML seru tapi kalau aku maen rank kalah Mulu kenapa sih monton nama ML:N i Z a M kasih gw win,2025-05-12 16:44:04
377711a8-b686-4e7d-973f-09d2542aa909,F R E E Z E,1,keseimbangan tim masalah besar. bikin males main gara gara hal itu sih.. mana sering kali juga role nabrak.. developer harus perhatiin ini sih.,2025-05-12 16:43:33
4d99763a-bc4a-40c7-ade8-3258e3141fdc,Serli Julianti,5,bagus 👍🏻,2025-05-12 16:43:33
f31ff6e3-c24a-4c91-9eb2-7127ac77db0b,Abdul Hamid Gen Badai,5,sangat ganteng monton nya,2025-05-12 16:42:54
2d0b6e5a-e59c-47f0-b9b3-98fac8cb4f55,Manggala Putramahardika,1,game taik banyak drak sistem kenapa selalu kutukan perbatasan giliran di pertengahan gk ada kenapa harus kayak gitu jawab!!!,2025-05-12 16:41:57
59c205c3-40bb-41b1-a2cc-2af8b25aa7a5,Chessta Lahay,1,server game nya sering bermasalah walaupun sinyal sudah bagus,2025-05-12 16:41:48
fc269c88-4b90-44e3-9fbd-abd94f27426b,Wil Bulat,5,bagus,2025-05-12 16:41:23
dd32a80a-551c-4cd6-9596-6cf4e10ad42d,Intan Iftinan,5,menang terus main game ini dan seru 😊,2025-05-12 16:41:05
f9846a20-2ded-4879-89ff-db1d5e379610,AAN ADRIAN,1,game tolol,2025-05-12 16:40:54
473d2062-0679-42b5-be71-a34a3d5420f2,Vicenzo Korompis,1,moonton kasih tim yang bener lah gw main 7 jam gak nambah bintang satu pun stres gw lama lama moonton,2025-05-12 16:39:43
bf08a84c-f36e-44b7-82ec-440c5b679e31,Nafisha 0804,3,ml ku tiba tiba keluar abis itu gak bisa download lagi,2025-05-12 16:39:21
e6df505e-939f-47a1-96d9-d1db655bc045,Brotherhood Md,5,Hajiib bener bray,2025-05-12 16:38:57
016dda57-8064-49d5-9a22-c175f15e9190,LF •7X,2,kasih ls mulu,2025-05-12 16:38:44
7baac149-b937-482d-be9c-ae83f6f3ad8c,Gamifo Avator,1,kenapa sekarang main suka patah patah,2025-05-12 16:35:40
dde05b25-a0ef-434d-b814-1a65f7b0bcd7,Syandi Nugraha,1,banyak dark system capek main terus tapi gak ada hasil nya pengen hilangkan stres malah nambah stres,2025-05-12 16:34:56
0c8c1c11-2c70-4327-8014-b84ed91d818d,si bolang,5,"Montoon gak adil, masa epic di ketemukan dngn legend semua pas di rank, ya udah pasti kalah lahh, udahh lagi loss strek, payhhh bngt game nya",2025-05-12 16:33:50
44661b1c-6da6-4bef-8e46-b3d3c52e797a,aril srihhh4333,1,Tolong hapuskan dark sistem capek gw gendong ayam mulu tiap hari mau bukti ss sini gw,2025-05-12 16:33:28
badfbfbb-7689-4caa-9978-cd71068b118e,Milano Khasyafani Achmad,1,matchmaking kek tai,2025-05-12 16:33:25
98b59740-a6ee-40e7-a4d5-3f37619fe40d,Feraldy Novtama,1,makin kesini makin kesono solo rank di siksa sama player yg gak ngerti main . rusak sudah,2025-05-12 16:33:20
c23b4ede-ae8a-426c-9191-bb7a252180b9,Zaldi Zaldot,3,Tim musuh pro banget tim aku bot banget,2025-05-12 16:32:51
99e597a7-7e5a-4c1b-92a2-96aec267f60c,Jaka Tio,1,game gak guna hp gua sampe ngeframe game tidak ramah semenjak update hp gua jadi ngelag ngelag,2025-05-12 16:31:42
9e807d4d-9204-437e-b62e-9d60d1b7c955,Farid Faridja,1,"game ini sangat burik gk ad rumah, tanah melayang,suka menghina game lain",2025-05-12 16:31:06
21582256-ba5f-40c3-bdd6-b864eab07c3f,Lieverts,5,"game nya sangat bagus, saya losestreak 5 kali dan hanya menang 1 kali, tolong di tambahkan lagi dark system nya agar lebih menegangkan! terimakasih",2025-05-12 16:30:44
de6bf6aa-d0b9-4d2a-bb2a-46482b67d09c,Andj Sksj,3,monton apaan dah gw udh 21 spin gak dpt pdhal baru baru ini aku spin kasih lah moonton,2025-05-12 16:29:00
95e98d6c-5d1f-4d26-93ae-513ddea467cc,Aji Fazal,1,kalah Terus,2025-05-12 16:28:59
e5843bdb-90cc-4089-b092-265b809fa450,Surya Coklat,5,sangat menghibur,2025-05-12 16:25:44
9f1ce351-9278-4e40-8f09-cd3e8fcc428a,Zidan Zidan,1,game haram jangan dimainkan kalah mulu pasti kalian main game ini,2025-05-12 16:25:40
c86a3457-0f31-41db-b432-ae9f91cbc902,Azwar Riansyah,1,Game Haram Penurun IQ,2025-05-12 16:24:09
72b5b34f-99db-4615-a5c7-bb071dbb18d4,Favian Farisakh,1,woii moonton napaa gua dikasi lose streak darii b 48 ke 38😡😡 padahal mau glory,2025-05-12 16:23:44
efbc3191-ee8d-4434-9888-1a111f419705,raja oloan,5,my favorite game😝,2025-05-12 16:23:12
84a33bc6-95bb-4dec-a1ee-2441f7cc99c5,cukka ulu,1,UPDATE MATCHMAKING MOONTON,2025-05-12 16:22:49
010b376c-16aa-41bd-a035-b33a82432507,Benedicto Al Thario Totti Yazied,1,mas moonton kurangi drak sistem,2025-05-12 16:22:39
2371c3ec-518a-4fda-9502-d6a5d900b35f,ENDIKTEA,5,ok,2025-05-12 16:22:34
42765ef4-7ae9-4cec-b938-1694c5b9ea6f,San san Ahmadsutia,2,moonton lu kenapa rivamp Hero gw yi Shun shin gw udah bertahun tahun pake yi Shun shin dan sekarang lu rusak seni permainan yi Shun shin jujur aja dulu gw jago pake tuh Hero sekarang malah jadi Hero sampah yah mau gimana pun ini game lu Terpaksa gw harus pindah game sebelah dasar game kikir gw dah muak Ama nih game,2025-05-12 16:21:34
a9cd45c9-5b6c-43f9-a189-86c05b75f41d,AKUN COC,1,game nya gitu mulu tiap mau legend/miytic /GLORY/dll selalu dari sistem kenapa sih selalu gitu yang main tuh jago ga mood saran ku lebih mending kayak orang biasa vs orang biasa terus dark sistem vs dark sistem masa iya dark sistem vs orang biasa kan ga seru jadinya,2025-05-12 16:20:12
7a92d724-c394-4448-8a8a-a3baacc04c8b,Daud Supono,5,GAME NYA SERU TAPI KURAGIN MEMORI NYA BG MOONTON,2025-05-12 16:18:14
771b9566-0163-468f-82c8-f41b2aee065c,Abil Nugroho,1,"top up lebih 6 juta, akun hilang bukti top up dah numpuk ke customer service ga di terima akun pun hilang. game apaan ini? bisa bisanya kena retas pas mau di balikin katanya infonya ga cukup/salah nama akun moonton aja gw masih ingat kalo tahu bakal gini mending gw habisin uang gw di HOK aja lebih aman daripada disini. game kocak.(fakta)",2025-05-12 16:17:50
d8b33fe2-6164-4c57-9ef8-7fc42e5c076d,Nurhadi,3,Gim yang tidak direkomendasikan buat device kentang (kurang kencang). Minimal spek buat main gim ini ialah Hp dengan Chipset Helio G96/G99/G100,2025-05-12 16:16:44
31d53681-0473-4cda-b7a8-a97afa096ad6,002,1,game ga jelas,2025-05-12 16:16:04
697e3480-b44c-4b77-a222-5fcfe3c7cfdc,Septi Anar,5,geme yang sangat seru,2025-05-12 16:15:49
7225c731-387f-4ab6-a0f9-3f9e19bb929c,Zahfri Nur Apriyanto,1,banyak dark system,2025-05-12 16:15:28
0f79ba79-16ed-4b0d-be58-f8b838ee1de4,epep slbw,1,Gada adil adilnya ni game,2025-05-12 16:13:27
5b58b8a9-d4d6-4104-bf6f-9176b60aae17,Shafana Adzkia,1,"game yg cuma ngitung kesalahan player, ga ngaruh main berkali kali tnpa melakukan kesalahan tpi ga di hitung. . . game buriiiiik",2025-05-12 16:13:18
345e0ed1-1d8f-4b0c-9236-11037e01de7b,Nofi Aulia,4,apa ini mau ganti akun moonton di persulit trusss pa,2025-05-12 16:12:30
26c02017-c385-4e42-9108-e17721543c10,Yasmine Almaira,3,"aku pengen legend sekali aja lah, tolong game nya juga ada bug, dan suka jaringan nya putus putus padahal data aku masih banyak, tolong di perbaiki lagi ya🙏🙏",2025-05-12 16:11:15
49054b3e-701e-4ca2-9121-9f70f7c1e6a5,maulana,1,"ga jelas, dapet tim gabisa main asal pick hero kek taiii",2025-05-12 16:10:02
621f3e7d-fe87-455b-9f2a-78113506c1c1,Muhamad Hasan,4,sayangnya mobilegends pas ada musuh sinyalnya jlk .,2025-05-12 16:09:04
979297a2-88fd-4b29-999c-1059540628f4,Rendy,1,montonnnn knpa gw dikasih tim dark sistem trusssss mana musuhnya Jagooo role tabrakan Mulu😭 tolonglahhhhh😭😭😭😭😭😭😭😭😭😭😭😭😭😭😭😭😭😭😭😭😭😭,2025-05-12 16:08:51
995e46a2-5d2b-46ce-9301-e6b6f930aeb2,Podn STORE,1,1.game paling kikir se playstore🗿 2.tim nya beban musuhnya imortal 🗿,2025-05-12 16:08:09
ef720268-e887-4979-9560-add9b6c5909a,GG GAMING,1,game gila game gak waras percuma main game ini kalau kita naik bintang trs di turunin lagi gak niat ngasih bintang wkwkw ini sangat tidak cocok untuk di mainkan,2025-05-12 16:06:01
5f3d4164-e489-45e5-b322-e29f17cb9706,Prof. Dr. Ir Kima Hajiman (Hajiman),4,"nanti kalau update HP aku naikin jadi bintang 5, mweheheh",2025-05-12 16:05:53
ae66ebb4-a776-4ce5-b1c5-ee71d330677c,Nabil irwansyah,1,game aneh kawan di kasih dark sistem lawan di kasih global monton kikir,2025-05-12 16:05:45
baa65596-c0fa-4a13-92d8-6d4c7675ea47,Giut Soleha,1,banyak banget dark sistem nya,2025-05-12 16:05:40
8f6abd29-8eea-4a73-a721-8db2835ea761,Bejo Sutris,1,ga seru anj kalah mulu di kasi tim dongok,2025-05-12 16:05:30
dab31d41-fbe9-484a-bf55-c75991010968,Fadlan Fadli,1,gw main dapetnya dark sistem kurangi ngasih yang dark sistem kasih tim yang setar sama lawa yang setara,2025-05-12 16:05:12
a1aed720-ffdd-45c8-922a-cf7d2dd34652,Zahran Muhammad zalpa,1,saya sudah 5 tahun main game ini tetap saja tidak ada perubahan dan saya senang saya bermain game ini saya akan menghapus game ini karena game ini hidup saya buruk maaf kan aku,2025-05-12 16:04:57
6b0c500a-b57a-4ede-8f1c-8249780a547d,Nda Maulana,5,jaringan nya benerin.... parah bgt jaringan nya,2025-05-12 16:04:49
3e7f4790-6782-406a-8373-f542dd1c357f,Dava Muhammad,1,game tolol,2025-05-12 16:04:39
387ebf39-9c8b-46d3-9354-06df01d5a7d0,gf'sunghoon,5,gamee nyaa baguss bangett!!! bisaa dimaininn pass lagiii adaa waktuuu sengganggg.,2025-05-12 16:04:34
e4d7631f-f221-422c-aab1-ce53f77fa6d1,Vania Evelin,5,my game favorit banget,2025-05-12 16:03:28
fa31293a-f154-4a82-9f32-527dfeeada54,Cecil,5,menghibur,2025-05-12 16:03:14
5088e892-684b-4f49-a455-aaad8e7b59d4,Taswan,4,Game nya bagus,2025-05-12 16:03:07
04d97a6c-9602-44a6-9e6e-944cf11482a1,Raisa Septianti,5,aku baru donloud ini permainan dan semoga betah main permainan ini,2025-05-12 16:02:48
4c7a8f9e-1249-453a-88a7-4e22126fc704,DESI Sartika,2,soal nya ml gw rusak ga bisa main mode apapun,2025-05-12 16:02:19
ac1f11cb-a353-4eaf-8283-48ad988fe0a8,Boy Girlll,1,makin lama makin ancor asal solo selalu jumpa trio lol,2025-05-12 16:02:14
826dbdc3-6453-48ea-8af2-9073fa28ce7e,Daeng Wahyudi,1,"saya victory tetapi bintang saya tidak bertambah dan hasil pertandingan pun tidak ada sedang kan di replay ada sudah sering kali kayak gini, ini yg buat kecewa main kayak gini ni",2025-05-12 16:02:08
c5ddb9cd-d793-4af7-a1cf-512fc1d7aea7,Nutfa dhiva Pegaza,1,gk seru anying dapet temennya yg gk bisa main udh gitu lawan nya jago jago semua lagi perbaikilah machtmaking nya bodoh,2025-05-12 16:01:41
65ccc307-9dbb-45ff-b724-6fa9e35da468,diaz lumajang,5,game yang sangat bagus,2025-05-12 16:01:41
46d6f56f-9366-4689-81d6-ba02b62306c7,Izma Zahro,3,"tolong matchmaking nya di benarkan, sejujurnya game nya asik tapi kebanyakan tim dan musuh tidak seimbang. serta tolong ditindaklanjuti perbuatan troll",2025-05-12 15:59:57
dfd5661b-6d11-445c-a82f-17ea4709f875,Pdi Jawir,1,Ini game paling kikir game ini super berat hp saya opp18 ram 6 tiba tiba lag ku sarankan jangan main ml selama ya,2025-05-12 15:59:44
0360ce07-aa8f-4cd5-a8b5-9535efb6994f,nur aeni,3,monton tolong banyakin menang nya masa aku main tiga jam cuma naik satu bintang,2025-05-12 15:59:36
b5a8b3c8-3d82-4b96-bb7b-0c384c96066f,dwi sari rahadi,1,tim gw ga di kasi menang trs ajg,2025-05-12 15:59:29
7c0ccf9b-9655-40bb-984c-b030beb1b36b,Angga D1va,1,SISTEM BENERIN WOI MM JUNGLE YANG COKLAT BAN AJA AKUNNYA,2025-05-12 15:58:48
5c84557c-ed09-4fc8-996e-a68a44ba1212,Smart Phone,1,Mobile legend sekarang suka eror masa ngga bisa login stack di logo doang padahal udah di cba riset ulang dan dowload ulang tapi masih sama,2025-05-12 15:56:44
654fbe9e-d2e6-4924-bfce-9af9c4222df3,Husen,1,banyak kali bug dalam gem,2025-05-12 15:56:19
ffc17316-63a7-402d-babb-8427703cdcc7,Zaky Bastian,1,Moonton dogy sinyal selalu masalah.. suka lag parah pdhal dulu gak pernah,2025-05-12 15:55:47
1584ae3a-673b-44ee-b4f5-076b9976bda2,Felix Cute,4,"gamenya seru gamenya gak bosan,heronya yang macam macam ada manusia ada binatang ada monster ada penyihir,elemennya macam macam,isi gamenya tidak banyak cerita, gamenya mudah dimainkan, cuma kalau main setelah tutorial selesai harus fokus atau serius.",2025-05-12 15:53:43
7fade2ba-6fcf-4c4c-adaa-1330d9d3a2a8,Kaila,1,kaga pernah di kasi menang gua cape biki stres game,2025-05-12 15:52:22
10de53ad-fa6a-4ce5-9574-0215589847aa,Irfan _8,5,tolong dikasih Hero baru,2025-05-12 15:51:12
b4152ab0-76f1-46f3-bf99-6a503f6b9555,DIRMAN434 Manzz,1,gemanya baguss tapi banyakk tim yangg gak bisa main,2025-05-12 15:48:50
5971b5d0-8127-439f-b887-6f7c597f57bc,Riki Wahyudi,1,saya kasih bintang satu karena semakin tinggi rank semakin banyak dark sistem dan musuhnya malah dikasih rank nya lebih tinggi kalau gak lebih tinggi dikasih musuh pro player dan jaringannya juga kenapa selalu merah padahal sinyalnya udah bagus coba mlbb Collab sama free fire nanti aku kasih bintang 5 ⭐⭐⭐⭐⭐,2025-05-12 15:48:25
f88f5851-abb5-4446-ac8a-b0335684371f,Fadhiabimanyu Pradana,1,banyak dark sistem,2025-05-12 15:47:45
f3d28ff0-55ff-498f-ac05-be4c76d29581,Akbar Gaming,1,kek anj,2025-05-12 15:46:25
e6cba6ab-2ae7-490c-a186-844ae2e7a71b,imas iim,1,reng ku naik turu males aku,2025-05-12 15:45:39
46e6c836-1267-45a9-bcab-21e5a8b569ad,Reihan Ardiansyah,1,monton kalo kasih tim yang bener lahh mikir aja gua pensi monton gini Mulu cape gua Gendobgg nyaa monton,2025-05-12 15:45:09
8027db35-f649-45ac-9cf8-e51541db1535,Ryyu Raka Pratama,1,lu y team,2025-05-12 15:44:21
507f6fc1-568f-470d-90ac-11238ecca9df,Muhamad Novan Triyadi,5,game yang sangat bagus,2025-05-12 15:44:19
3aa4c7f5-4229-43d2-a621-c714b59147e6,Kristian Putra,1,"setiap gw main di kasih nya dark sistem Mulu lama"" stres juga gw kena nya",2025-05-12 15:43:45
013a5193-a300-4dc7-9dbd-c2c7604ed059,Ahmadsatria Hasugian,5,"Developer mengecewakan, sibuk ngurus skin jelek ge, matchmaking system gapernah dibenerin",2025-05-12 15:41:59
5c712f87-3931-4955-a1fe-88575f193f42,Wahyu Gunadi,5,kasi win streak min,2025-05-12 15:40:06
b703dad9-919f-43e7-a888-dbf4cba3377f,barul alcantara,3,benerbener berat buat user solo. musuhku adalah team ku...,2025-05-12 15:39:21
46176c44-936b-4404-a1d1-17ba6ddb2002,Javas Nararya,2,lu ngasi tim kek manasi?,2025-05-12 15:38:13
9df72ba3-edbd-424e-9758-662d44e8cd46,Ahmad Fauzan Khaalid,5,ini beneran game paling bagus bngt😀 sampai sampai bisa lostreak 10 kali,2025-05-12 15:36:47
76119259-9be0-4ce4-bf9d-80597f72e35d,Kakio 0,1,bikin stres,2025-05-12 15:35:16
28608b32-46b3-4fea-a19d-f9d3cd391467,wahyu akbar,1,wow game apa ini gw sampe los 6 kali loh dapat tim ga seimbang banget benerin sistem nya,2025-05-12 15:34:41
d4567c10-8870-47d9-aaf6-a6a1be64b1fd,xu xin,1,nih lo bintang 1 kocak game rusak bisa bisanya rank honor ketemu legend kocak busuk,2025-05-12 15:34:39
e65f7488-544c-43cc-a48d-ed90d015825b,Muhammad Iqbal,1,game mobile legend sangat keren tapi jaringan nya sangaat sangat burik sampai sampai saya lose streak terus sampai sampai aku mau banting hp,2025-05-12 15:34:23
3dc370e7-a357-44cd-a6eb-e6a0719858c5,Faiz Maulana,5,bagus 🙂🙂🙂🙂,2025-05-12 15:33:53
8afa2ccf-7e46-4d21-b8f6-85d96363e18b,pawit sulistiyo,1,"kenapa jaringan bagus masih sering leg, tina tiba ping merah",2025-05-12 15:33:37
8d2ac4f4-1a7c-4cc1-bb27-05f5fa43dec4,Alzeco Zhafif,4,setiap satu bintang lagi naik rank pasti dikasih tim jelek kek sampah jadi tolong benarkan😹😹,2025-05-12 15:32:31
15fa25cc-720e-4a16-bb84-0109e757b385,Ilham 9c,5,"Game yg sangat sopan santun mengajarkan tata krama, ayo uninstall",2025-05-12 15:32:10
99241c45-f96d-40a8-b689-8e527f8d84ee,Diong,1,Game sudah bagus tapi banyak dark sistem tolong di kurangin dark sistem,2025-05-12 15:31:27
91cba13b-294b-4912-8234-bc0dfdcec75d,vianrizkipratama pratama,5,kembang kan lebih baik dan bug yg ada sama jaringan nya mohon di benerin ya☺️,2025-05-12 15:31:22
d5779c7a-9408-4a89-b831-6b6c60344f2c,Rahmad Art6,3,Game mntp buat pusing kepala,2025-05-12 15:31:20
4f7ede12-0057-4630-841b-d1a316e7c24d,Angel Juwita,1,minimal pisahin rank legend sm honor lah mmek,2025-05-12 15:30:29
6dc01327-85ca-49ec-ab71-dc7a5c32960d,FHADIL PRIANDA AZHAR,1,ml game rusak ngasih tim drak sistem semua udh gitu lose streak 10 kali ga pernah menang.,2025-05-12 15:29:12
7c584e15-9de2-42ee-a090-aee70ad80e10,Mamah Hail,1,moonton kon to l ng en to d sampe gw ketemu dark sistem lagi gw uninstal ml,2025-05-12 15:28:42
2af20323-9efc-4d9e-8f1a-59dcc1b1c8fa,Bhaqi Kece,1,game kamu ayo ayo,2025-05-12 15:28:04
9040759d-d992-4b93-81ad-83252e4c1f19,Ahmad Fauzi,5,game nya sangat seru dan colab nya sangat baik untuk tampilan nya,2025-05-12 15:27:57
0cd6a035-e5ef-4227-a02f-f44b829ef876,Kasiati Abim,1,"game nya jelek dan depolover nya terkesan rasis pada pelayernya ,😕",2025-05-12 15:26:31
ec51cb85-a67c-4b1e-bc18-3de4cc0402d2,Murtini 123,1,pas nyerang arahnya ganti²,2025-05-12 15:25:27
e03982dc-bbdc-434c-aefb-72bc5da66f3e,Erong,5,ml yang terbaik,2025-05-12 15:25:08
a1d80bed-40da-4a08-9937-f08ab63ff6ba,kwarcab acehtengah,3,saya sedang main tiba tiba keneksi tidak masuk padahal jaringan bagus saat saya reload tidak masuk kemabali ke dalam geme tolong di cek kenapa padahal sedang ws 13 kali gara gara itu rusak,2025-05-12 15:22:41
6c538e8f-f2d5-48b4-84a2-a70f2707039a,tama mahendra,5,sasangat senang bermin gem ini,2025-05-12 15:22:22
4fa3aba9-3f3a-4e9e-b74a-717450b77ba7,Alfaro,1,Mankin lama mankim muda Tolog lah monton susahin dikit Eehhhh.. 😩,2025-05-12 15:21:58
45f0c708-056b-40e1-be3c-a9210145c9c3,Bram Tampubolon,4,"gamenya gak bagus, mending kalian gak usah mainin dari tadi dikasih tim dark sistem terosssss, padahal udah maen bener timnya kayak sampah. mending gak usah maen, daripada kalian stress pindah hok aja. karena saya masih baik jadi saya masih main game ini. mooonton tolonglah kasih tim yang bagus. pliss lah mas moontoon kasih tim yang bagus",2025-05-12 15:21:09
79860989-eee5-4c7a-971e-1d9e2590ee68,Hedar Gazali,5,montoon tolong bangett kembalikan akun saya di hack orang🫠🥹🙏🏻,2025-05-12 15:20:57
a8b7c896-b414-4012-a37f-2f4b7b780808,Dwi Jayanti,4,"game nya ngeselin banget tapi seru sih ini, juga ada kendala di jaringan padahal wifi udah lancar loh, saya kasih bintang 4 , tolong diperbaiki🙏",2025-05-12 15:20:24
1a5e2597-270a-4429-ad4a-7da6a672521a,Rifki Rifki,1,banyak pendolotan nya sampai 8gb itu belum semua,2025-05-12 15:19:58
a658275b-db35-4b54-b6e1-d12dd899aece,Saefudin Yusuf,5,akun ku ngelek terus MOONTON,2025-05-12 15:19:35
3524ebe5-e247-4b1b-ba7f-4f106c7d1472,soju dev,1,game butut,2025-05-12 15:18:35
1d7e824b-71ff-4625-b5a4-e2dae24ac25c,Ricky Arian,5,"Mantap game sangat ramah,cocok untuk Anak anak yang ingin bermain game seru dan menyenangkan friendly ini🥰😹",2025-05-12 15:17:46
dd307e9b-fb45-424b-8724-d9c70802e7a8,Lali Kabeh98,1,"KELUAR DIKIT DARI GAME, NGULANG MALAH DICAP AFK. MAKASIH MONTON",2025-05-12 15:17:40
2bd4f62b-194e-4695-b4ed-39dd218dbf9d,Kiting Kiting,1,"Match ga pernah bener, selalu ketemu tim yang rank/highrank mereka dibawah kita. Sekarang semena mena bet ngasih silver, emas, sama mvp. Beda sama game sebelah yang ga mandang kda, lebih liat statistik dan kinerja di ingame daripada kda. Disini saya edit karena ada masalah baru, sinyal saya baik baik saja tapi kok gabisa masuk game ya? saya hubungi customer service gaada perubahan, game besar tapi punya banyak masalah, jangan Collab sama event doang di perhatikan,hal kayak gini juga diperhatikan",2025-05-12 15:16:33
91675f9a-7937-45e5-8789-655e0d6c0c65,J J,5,"Bring back the old dire hit & delete sky piercer item, Dev.",2025-05-12 15:16:30
d67fb2fd-469d-45d3-a4bb-a0b2865128b0,Aldi Efriadi,1,game cacat sllu dpt tim ampas ga bsa nyeimbangin tim,2025-05-12 15:15:44
933c0163-5603-475e-87a0-e02c3f19145f,De'oro,5,seruuu bangettt tapii minesnya sering kali kalahhh tapii gapapa tetep seruuu,2025-05-12 15:15:12
ea3b6a21-ab0c-4500-804f-9d2b568f63ec,Purwanti Ningsih,5,ML bagus dari pada ff,2025-05-12 15:15:04
429a5987-311e-4d6d-ad47-f2dd31c9702c,Cllinton Barry,1,jangan main game ini curang ngasih kita tim ga setara,2025-05-12 15:14:20
055b58ec-4dd4-408a-8ce2-47b40d55d9b5,Ino Trimedya,5,mantappp....,2025-05-12 15:13:40
c8590ddd-7512-482a-ad6a-a142090bc286,Cihan Saputra,5,ini game seru banget banyak dark systemnya😊,2025-05-12 15:13:11
fb8ea2d1-5495-4cd7-a8ba-2635777ca9ca,Khoirunnisa Rhamadani,1,sistem nya aneh main 50 game ga nambah bintang sama sekali cuma menang kalah menang kalah,2025-05-12 15:11:45
b01fbef1-c3e8-4b93-95ba-43a79aee37c2,Faiz Abadillah,1,game nya kadang sering ngebug sama utk sinyalnya juga ngga jelas lagi war tiba tiba ngelag jadi monton tolong utk sistemnya lebih diperhatikan dan diperbaiki secepatnya,2025-05-12 15:11:34
e64442d4-f337-4666-b878-cc66f5f6604e,rini wulandari,5,baik,2025-05-12 15:11:04
8f6d4d3d-dfcc-4f6a-afbf-41f05dd1361b,NEOCORAZO Tob,5,seru banget main ml nya ada teman yang bisa di ajak main bersama seru banget pokok nya,2025-05-12 15:09:44
22fc8ad4-02de-462b-b24b-067fab147529,Muhammad Sofyan,1,DASAR GAME KIKIR!!!,2025-05-12 15:08:38
44bb7dfd-c115-4ae7-a221-1f7c695f1258,Darinih,5,🤗,2025-05-12 15:08:00
272c203b-3a43-432b-859c-5426be083883,God Anime,1,kalo ada tim malas main ban akun nya sampe seminggu aku suka itu biar nangis,2025-05-12 15:06:50
b903c3c4-48a0-4a4f-b232-0bf568b32547,Kenzie adinataprayoga,5,gamenya gg,2025-05-12 15:05:14
867a7f04-07f2-41fe-86cc-0a657b6fdaf6,Rasid,1,matchmaking yg tidak adil,2025-05-12 15:04:32
a045add7-8d64-49ec-acee-682ff9f494d1,Diki Haryanto,3,pertandingan yg baru saja di mainkan hilang terus bintang saya gak nambah padahal saya menang,2025-05-12 15:03:38
e2448cc3-2205-4fd8-8bd4-dadf8a6a356f,dream boy,1,baru naik ke honor langsung ke romawi karena tem kaya taik dark sistem,2025-05-12 15:02:54
d7631e85-cd8a-4e16-8eec-c24360a003dc,Alfaiz 123,1,game patah2 padahal udah pake wifi jaringan lancar tapi giliran main game leg apa ini montoon ngak lucu ya gue lostrek ampe 40 kali jadinya,2025-05-12 15:02:09
a1ebb9eb-5904-463f-9a61-75cc831d6990,Angga Bima,1,gampang macet macet,2025-05-12 15:01:49
bfd26451-b6ec-4d32-bcde-c7971c393bfe,Ega Rafi,1,"Montoon tolonglah ini game banyak bug nya tolong diperbaiki,bugnya soal jaringan tolong diperbaiki secepatnya",2025-05-12 15:01:47
81807b6c-9252-432c-9074-019e9581bf20,Ardi Candra,5,gem nya seru mekanik nya mudah saya paling suka Hero Miya demeg nya sakit pas Uda let gem bisa spilt pus pas udah sepi makasih mas monton,2025-05-12 15:01:36
6e546811-9523-4153-be38-6265da1b845c,Yusuf Vhaan,1,1 tim lag semua padahal sinyal bagus tolong di perbaiki kocak bikin darah tinggi aja,2025-05-12 15:01:30
86f8e06e-b24a-43b2-b649-703ff8195388,Rafi Ahmad Mari,1,gem kon**l,2025-05-12 15:01:18
57832a55-ac89-4130-8527-e6fc1ae36ed7,Ani Juniati,5,"game nya asik, orang"" nya juga pada ramah, game nya hd, saya suka🥰",2025-05-12 15:01:11
89dca6ab-6ac7-45f3-9fbf-0641e8816a13,Tom Tom,1,"Kecewa lah, tiap kali update hero pasti ada aja masalah mulai dari lag sampai gak bisa main krn reconecting mulu ( klasik banget!! ) dan ujung nya kena report. Padahal jaringan 4G lho dan ram udah 3GB. Kalau 1x 2x wajar tapi ini udah berulang kali. Kerja jangan setengah² dong min. sekarang sering lag parah banget..",2025-05-12 15:00:49
3adf580f-fa83-4273-b6f0-6d0e6e55c05a,Midiya Astuti,2,nggak jelas map nya,2025-05-12 15:00:48
17423278-c2ec-4771-a517-678f38a21402,Koutaru Ran,2,"betulin servernya dong udah di akhir game malah bikin ping nya hilang aku dah coba keluar game tapi malah gak bisa masuk ingame lagi mana match blm kelar lagi sampe sekarang stuck di lobby muncul text ""Menghubungkan kembali... Jika Anda tetap mengalami masalah, silakan menghubungi Customer Service."" udah nanya costumer service masih gak ada solusi nya aku gak bisa main dhlah aku pindah game aja.",2025-05-12 15:00:29
a93a5d15-bf73-463c-a450-cc41f426ea13,Fazil Arya,1,Banyak bug nya masa udah nunggu lima menit gak mulai² dan kebanyak bug tempat untuk melaporkan buy tidak bisa di buka dan ketika main rank selalu ketemu sama glory imortal padahal saya main solo dan masih legend,2025-05-12 15:00:26
66be0a00-c886-4e10-a43a-7ac6c7d2e170,Reyhan Rafif Alfachrial,5,bagus,2025-05-12 14:59:38
68c20e06-2dc1-44dd-aa3d-3c5560ee8c99,Bu Karni,1,Kalah terus,2025-05-12 14:59:33
586b4047-3519-4f35-8ee8-baef6904ca73,Painem Painem,1,kebanyakan drak sistem anj,2025-05-12 14:59:25
5ddcc266-4391-455e-b0db-03b2a8957cad,Kian Santan Al madjid,1,server game sangat buruk saat pick ban tiba tiba reconnect dan tidak dapat masuk kembali kedalam macth,2025-05-12 14:59:03
11dd26df-9a83-44bf-8aaf-470a8d0de7f3,Qory Qori,1,musuh nya penjoki semua,2025-05-12 14:57:58
414d89dc-c8ef-4e4c-8f88-75984a31e30d,Lefania Ovitasari,1,game ga ramah developer kikir kaya aku :v,2025-05-12 14:57:49
fd5bd7b1-d10a-4566-ad1c-bc825781a82f,Ever Soul,1,game sampah,2025-05-12 14:57:37
fa624229-87fd-485f-b818-8d0af94a5fd1,Erick Setia,1,moonton kok kalah terus dasar dark sistem operasi ya,2025-05-12 14:57:18
7cdf85cd-d6ac-4a1e-8c5c-9f6ea81f2fc6,Resta Ardianti,1,"Ngasih tim dark system Mulu cape tau ngegendong mulu,yg benerlah jaringan bagus kuota banyak tiba2 ngelag gk jelas",2025-05-12 14:56:31
926645b9-f3e0-4f66-a572-b42b57af5902,Raja Abdul Rahim,1,Karna memilih lawan lebih susah,2025-05-12 14:56:20
812bb0fc-2b01-4e2c-998c-fdfa7fe62f0c,Parsiyah par,1,aku mati gara gara turet malah tulisan nya di matiin musuh,2025-05-12 14:55:42
9e96eb57-e717-46ef-8ca8-3adfabb8d34e,Dion Dentoro,1,knpa akhir2 ini sering bngt ngelag tiba2 ya?? tolong diperbaiki moonton sma dark sistem tolong di kurangin ( cape dpt team dark sistem terus) ngepus bukanya naik malah turun,2025-05-12 14:55:07
6677b49e-42e3-40e2-af87-efb541a1999d,Muhamad Yayan,1,"KALO NGASIH LAWAN YANG SEIMBANG!!! JANGAN CUMA SKIN DI MAHALIN UPDATE TERUS STIAP SESION , GAME GAK JELAS! LAMA LAMA MUAK GUA MAEN ML. NYIPTAIN GAME TUH YANG JELAS BIAR IMBANG",2025-05-12 14:54:27
1c8433d4-1f76-47e8-a676-9638e8efa72c,risky alifdika,1,matchmaking game moba paling busuk,2025-05-12 14:53:35
fdfde96d-80ef-46d6-8b71-ee51e542c156,Dzaki Rabbani,1,game gak jelas ping ijo gak mau gerak,2025-05-12 14:53:01
6258eb5b-aa66-4c92-b878-1c0b08a7c669,Fairus GG,1,Moonton plss aku nak trainnning alucard tapi ada orang troll kalau bole yg suka troll tu ban trus la acc orang tu pls moonton,2025-05-12 14:52:04
e60cdff3-cfb3-40c7-acc8-51a52459bb28,Alim Alfathir,1,nge bug asw,2025-05-12 14:51:11
69b99b10-0265-41ff-8e4f-ff07b61693d9,Halqi Vin,5,gem ini seru sekali,2025-05-12 14:50:47
4aa05cc9-df8b-4e5a-865f-3a5a13e8655a,Hari Subagia,3,Tolong Montoon masih ada Cheater di Glory ke bawah itu doang sih,2025-05-12 14:50:36
5f7cc048-9a03-425a-a232-5b5338d13e55,Rosmelia imel,5,bagus banget,2025-05-12 14:49:59
bdeb367b-669f-469b-8af6-d92596c901b1,Alura Xavier,1,game paling tolol 👎👎👎👎👎👎👎👎👎👎👎👎👎👎👎👎👎👎👎👎👎👎👎👎👎👎👎👎👎👎👎👎👎👎👎👎👎,2025-05-12 14:49:29
fe8a8a44-3f86-489e-a897-138719ec3217,Aldino Gusman,5,Dapat hero freya d spin tapi tidak tersedia di akun ko bs gtu.... banyak iklan penipuan tolong d bersihin itu kasihan yg kena. itu pasti komplotan semua sampag cari duit nya k ga halal terima kasih,2025-05-12 14:48:27
9dd541b2-426f-40f2-b49a-075837f6d505,Thalita Az-Zahra,5,game nya bagusss selain itu no komen🤍💓,2025-05-12 14:47:56
3958ea65-f668-4643-89c6-266f69f10328,Agung Nurrohman,4,"game ini jelek kalau maen nya kalah terus , wkwkkww",2025-05-12 14:47:51
5c349d8e-057e-47a4-8e89-3c7f2f9585ad,M. Fikri Halim,5,Ok,2025-05-12 14:47:47
34171396-ad0a-4f56-bef7-d6a5b43dad5d,Widy Alis,1,Tolong di perbaiki masalah pelanggaan AFK montoon. Pengurangan score credit boleh banyak. Tapi harus nya batas hariannyq jangan 3. Di tambah jadi 6 atau 7 tau 8 Jadi pemain tidak sulit untuk main rank. Dari sini banyak pemain yang hapus mobile legend karena malas naikin score credit pikirin pemain pemain yg tolol.jgn cuma afk aja yg di pikirin laporan selain afk sengaja di biarkan.pqdahal player tolol.player trol.asal asalan. giliran afk cepet bngt.jing,2025-05-12 14:45:51
24469395-3728-464a-a6e8-acb818743b6c,Iqvan Udin,5,bnyak bngt yg egois nya,2025-05-12 14:45:25
a49a72a5-ea86-436c-a378-1a0ed99d6e1a,Nando Biekbiek,1,game bikin hancur masa depan anak penganguran,2025-05-12 14:45:24
7ee92522-5477-4011-9fd8-ebe68e9fb237,Nada Fithriyah,1,game sampah ngasihnya dark sistem mulu gamenya juga ga ramah sama hp kentang,2025-05-12 14:45:04
5f17a56d-3ed4-4035-9322-1d8d7d551bf7,Yeri Yeri,5,bagus banget seru grafik nya bagus hebat,2025-05-12 14:44:50
6a25eb83-908c-489f-ba87-250b25956f58,Ha Ri,1,game santai tapi punya tim yang ga bnr,2025-05-12 14:44:21
fc536870-34c5-49f9-9e8d-10e2f059dff8,Tri Yadi,4,Bagus sekali,2025-05-12 14:43:51
3dac4d1b-5c42-41d8-8f8f-c0787cca44bd,nelson hutabarat,1,terkadan kok tiba2 nge lag kali jaringan nya,2025-05-12 14:43:37
ece46aa3-0b5c-42e3-95d6-96ea82725bc8,udin17,5,Ngasih timm yg bener monnntoddd,2025-05-12 14:43:03
fa67f934-6456-44f3-8dc5-de6b69b82a91,Alek Wicaksono,5,game ini sangat baik tapi kekurangannya satu ada satu hero yang tidak meta ketika tidak meta sama moonton diturunkan damage-nya terpaksa yang suka Hero itu pengen dikasih bintang 1,2025-05-12 14:42:28
2dfce0f2-e39c-42c7-892f-94e65c41b4d0,Effriana Effriana,1,"APASIH NIH GAME NGELEG BANGET, AKU BARU AJA MAU PUSH RANK TIBA TIBA HP KU NGECRASH,TERPAKSA AKU KELUAR DARI GAME,JADINYA KREDIT SKOR KU TURUN BANYAK,PADAHAL ITU GARA GARA GAMENYA, AKU UDAH TURUNIN GRAFIKNYA KE RENDAH TAPI SAMA AJA,DAN SATU LAGI MOONTON,TOLONGLAH KASIH TIM YANG BAGUS BAGI PLAYERMU, AKU SUDAH MENDERITA MAIN GAME INI😠😠",2025-05-12 14:42:14
ae805410-21af-471c-82d2-ba6bc0c42ad0,Rafqan Shamiim,5,game judi pay to win,2025-05-12 14:41:47
8e6154d9-84a5-473a-91d4-2745dd8ac8fb,Axel Rostefano,5,ini game paling the best ever,2025-05-12 14:39:44
5c40816b-e4a7-47e3-bffd-bdbc4105fcf8,Sengkang Hekker,1,Game ini bikin aku seru ⭐⭐⭐,2025-05-12 14:38:34
27e590c6-80f7-4794-a656-8e451b277e2f,hendri hend,5,"game nya keren bngt, apalagi sya suka bngt skin gratisan",2025-05-12 14:38:31
24ea6512-8718-4e46-951e-e931c54d7e1d,Naufal,1,karena kalo kredit skor berkurang banyak tidak bisa main apa apa,2025-05-12 14:37:37
853f06b7-d4ba-4dc6-a5cd-a82a3d1c8c83,Uli Handayani,5,gem ini sangat seru dan menghibur kita saya sangat suka main ml,2025-05-12 14:36:46
d49da1e3-5991-405c-a3ef-5347f85e1968,samuel tirta,5,gen ini grafik nya bagus,2025-05-12 14:36:16
31774f9f-8368-4c23-96cc-126732e13816,Muhammad Faidh Luzar,1,"woe montood, perbaiki gamemu",2025-05-12 14:36:00
036aacc6-8c45-487c-98c3-d55376f46c82,IKYイェーガー,1,banyak dark sistem jangan di download,2025-05-12 14:33:02
f7d5fdeb-ac8f-4484-9f10-ef3e9a5e6a52,Fran Sisko Larawo,1,matchmaking tolol main solo ketemu lawan mabar,2025-05-12 14:31:15
ec0d9a4b-7f00-4450-8eff-a6cd6d73922a,Althaf Denaldi,5,bagi sekin kolektor lgi dong,2025-05-12 14:29:37
8c8e7d94-64d8-4d46-94dd-173d3ff4df34,Kelpin Saputra,1,game ini bikin sakit jantung setiap main ketemu drasisitem game apa ini plis monton perbaiki game kamu aku udah mitic bintang 24 setiap aku main ketemu drasisitem terus game apa ini gua pengsi aja main game ini gua pengsi ML AJA game rusak game rusak tolong monton perbaiki ml lu game penuh bocil dra sistem,2025-05-12 14:29:32
b35a6a98-0f2e-415f-804a-4fa80dcfb8d5,ML ASWAN,5,plis Moonton kasih skin lejen satu,2025-05-12 14:28:43
eed5c733-dbca-4326-804c-90f7b5140e91,Arif 3356,1,"sistem ml jelek, main menang sekali berikutnya di kasih tim jelek, dark sistem terus, ga lagi2 gw main ml ml konyol",2025-05-12 14:28:38
92dd5590-1562-409f-ae0e-c598656c0d0b,Irsyad El Ibad,1,game gak guna main kalah teeus tolong beeikan lawan yang sepadan gw main liat akun lawan gw imo semua rata rata,2025-05-12 14:28:14
3afbcc6b-9ee0-4eb7-b85f-ea6c7681714a,adjie Pranawangsa,1,game tolol main solo dikasih musuh trio bahkan squad match seimbang palalu klo perbanyak event tapi matching kek tolol mending di perbaiki dulu banyakan event match aja masih gajelas pada malas apa gmn tuh g bisa perbaiki match dari dulu masih aja tolol otak duit susah,2025-05-12 14:28:12
2b2c1231-7d11-4b58-9d05-7d13f2250e6e,Teguh Arprayoga,1,game kampang,2025-05-12 14:26:36
189b6fe3-649f-419e-9cee-246a1cad5d61,mdirga,1,"ngelag, gaje, banyak dark sistem dan dapet tim beban semua. apa ini moonton😞",2025-05-12 14:26:01
b43b6c81-1c48-44f4-adfe-69a505e827b4,Dani Yusuf,1,"musuhnya kuat,, sementara timnya aneh semua gem burik. gem burik. mending FF",2025-05-12 14:25:13
50c5c48d-01a3-4b91-b985-b3fe4c4bdcbb,Dika fawwaz,1,"guaaa mauu ngasi tauuu bahwa guaaa gua uninstall game ini, karna guaa dikasi kalah muluuu jarangg dikasih menangg, karna dikasihh timnya binatang semuaa jadi saya uninstall",2025-05-12 14:25:12
f0cd14e3-ce90-4e78-bd13-131733842798,Dani Putra,5,game nya sangat seru di mainin cuma setiap maen selalu dapat tim yg tidak kompak selalu bikin naik darah,2025-05-12 14:24:56
075b6ba4-4288-4785-a63a-a03b97562d79,Sobri Sohi,1,signal fake kayaknya mobile legend di ambang gak laku ... .. saya sendiri bosan dengan kredit scor dan baned... ( klo anda baned brarti anda bunuh diri ) semua orang pasti gak akan betah dengan aturan yang gak jelas,2025-05-12 14:24:13
bf82e45a-2299-42f3-8141-0eaf2ca00fe6,Lutfiyatun Nafisah,3,"player tidak ramah selalu toxxic ,apalagi main malam kalah Mulu pagi kalah juga maunya,apasih mau bikin player emosi sampai banting hp",2025-05-12 14:22:46
f3bed282-0ea2-43bd-bf1b-13c482a6cb7f,Rachel Alip permana,1,thars di nerf truss parah bbanget montoon mnding hapus lahh gannti main HOK ..,2025-05-12 14:20:00
35910143-c35d-450d-b7b2-a56d978f7c01,Rifal Rizky,1,game kalah terus ini mah ngerusak kelapa ini game kalo bisa rnk terus tapi kalo kalah bintang nambah dong aduh moonton enak kalo kaya gini mah moonton biar push terus lahh ayok lahh di update moonton update cepetan dong udh cape losterk gawa lahh moonton,2025-05-12 14:18:08
195e0999-7299-461f-acca-8ec530adbe9e,zainul aripin,5,game ini sangat bagus tampilan skinnya terlalu terlalu bagus 😎😎💯💯👍👍,2025-05-12 14:17:01
11469375-aa84-4288-a633-7a5407f355ba,Baso Ramli,5,mantap,2025-05-12 14:16:43
5255a0fe-e205-4f24-940b-dbf1c689299c,Beckett Leach,1,"uninstall dan last main, ga recomended buat player solo. setiap match selalu dapat team ampas atau yang bertabrakan ama role org lain terus. seperti udah di setting sama pihak developer. B25 jadi B 0 gara² team ga jelas terus, akhirnya saya memutuskan uninstall lagi.",2025-05-12 14:16:17
af10fab8-e0d2-4039-9415-83b5500c296a,Eli.nainggolan,5,sy sangat suka main unu,2025-05-12 14:15:38
4f9341a5-59a8-4091-bb18-0a67eca7f209,Raissa 0208,5,Gem seru harus di coba👍,2025-05-12 14:15:35
62180838-c3cb-4f51-8917-c044a668cfcc,Teguh Ngawi,5,mantap,2025-05-12 14:14:56
c971c77b-85e5-422c-b6f9-3eb241056ed7,habibi multi,4,game nya bagus tapi tolong jaringannya di perbaiki jadi gak enak main nya karna lag,2025-05-12 14:14:33
83f719ec-812b-42d5-9b98-1882ee48ac6f,Joko Sukmo,5,"Uninstal,jadi sering frezz ga bisa disentuh...pensiun dah",2025-05-12 14:14:27
90b15b54-a1b2-4875-abc3-3714a5c4117e,DimasFrm,1,"KASIH TIM YG BNR LAH MASA HAMA MULU BOCIL JAWA TERUS, ANEH GLORI MAEN KE EPIC CAPE BANGET MAEN SOLO DI ML.UDH PADA PINDAH AJA MAEN HOK LEBIH NGERTI CARA MAEN. GAJELAS BANGET PIHAK MOONTON!!!!!!!!!",2025-05-12 14:11:33
d5fe31ec-b393-4e04-88d3-ef9187a72fc9,Ripzz Cupu,5,menyenangkan sekali,2025-05-12 14:11:23
8630b6b4-971a-4d34-9d08-178994b4c43f,Gibranza Alex Maulana,5,"gw kasih bintang 5 biar lo semua tahu kalo sistem game ini gapernah dibenerin, lebih banyak dark system dariapada yang jago, lo bakal di kasih tim yang beban yang gabisa main tapi musuh nya jago yang bikin lo depresi, saran gw mending kalo sistem game ini belum diperbaiki mending gausah main game ini lagi aja, masih banyak game yang lebih bagus lebih murah dan lebih oke daripada mobile legend game terburuk ini",2025-05-12 14:10:56
6f1c014b-a12f-42bc-b14d-9690dc7f5407,sovyan pian,5,"TQ MONTOON,TOLOOLLL",2025-05-12 14:10:39
f3342c6f-aef0-414a-9199-a6546c1a9b63,alhabsyi Afa,1,tim lol semua,2025-05-12 14:10:20
aa026fdf-fbcf-49a7-ab3d-f430c969d6ee,Rohman Ck,4,bagus,2025-05-12 14:10:05
c2553917-7d80-4cc5-be22-6a487f371944,Mawar,5,"intinya seru sekali main ml tuh, di saat aku kesepian pasti pulang nya ke ml, di saat pikiran aku lagi bener"" stres aku pulang nya ke ml, di saat sedih pulang nya ke ml, intinya seru banget ml meskipun kadang bikin stres juga tapi seruu secintaa itu aku sama ml 😍😍😍😍🤍🤍🤍",2025-05-12 14:09:27
8f4dbbb2-ed87-49fc-8ab8-eebda8644cb8,In Dhie,5,mantap moonton baik dikasih mvp👍,2025-05-12 14:09:07
b638ae51-7c0c-489d-9c02-df1d05fd5ade,Desi Rianti,5,bagus,2025-05-12 14:07:09
3967b372-a6af-45fd-9c68-817eeda1cc89,Rimma Ginting,2,saya bermain mobile legends bang bang saya lostrik 7 kali jadi saya membuat 2 bintang. kalau saya bisa win streak 15 kali saya akan membuat 5 bintang,2025-05-12 14:06:51
39c67c7b-72d9-4b22-a211-f52cc97b2db0,Ahmad Nurrokhim,1,kebanyakan update jaringan tambah aneh pas main mohon diperbaiki supaya mainya nyaman dan saat mectking disesuaikan dengan kemampuan suwon,2025-05-12 14:06:27
1744cece-ecfe-47ca-a142-47be26c44104,aqila lalapo,1,tidak bisa login,2025-05-12 14:06:24
136baab7-b3d6-4603-9cad-5df6833d557f,Ainsley Alvaro,1,capek kalah trus,2025-05-12 14:05:50
76c38b04-e06e-404c-8108-e92850d01a32,Putri Cantika,2,"APALAH LOS STREAK MULU, yg bener lah toon klo ngasih tim, ga jelas semua, ml makin kesini makin banyak lose streak, ga jelas ngasih tim, ege",2025-05-12 14:05:07
1609b42a-e7b0-498a-aee6-d3c1b6363333,Zohn Tea,1,ngelek² patah patah Padahal sinyal bagus,2025-05-12 14:05:05
6395c335-12ac-4dd8-924a-97896821eac5,Kadek Ari wijaya,1,game haram hama,2025-05-12 14:05:02
8f3b637a-976e-42c7-9657-59d35f889cc5,Doney Dwi A,1,Tiba2 rankny turun jauh. Jelek,2025-05-12 14:04:15
6e3745c7-890f-4e98-adcb-4a7e269ad202,Zia Alfisyah,1,Border nya GK ada efeknya moonton,2025-05-12 14:04:10
72f19adf-90cf-4858-b743-a860d8d8d102,Mas Adi,5,Mantapp,2025-05-12 14:03:35
f8b216e7-69e4-466f-8888-3ce2e7ec1231,Fatkhur Rohman,5,Game terda-best yang pernah ku mainkan.,2025-05-12 14:02:28
0e5e2fe5-aa6e-49a5-8089-27b0c676706d,Aska Tok,1,"apalah game gini amat susah di mainin AI nya terlalu bodoh ketika main di mode AI normal masak yang jadi tenk gak mau maju dulu dan malah AI musuh hebat"" gak normal kayak yang buat game",2025-05-12 14:02:27
0b3838b7-ebc3-4fe6-b81f-6054bd326d2e,fadel yoel apriwibowo,1,kebanyakan ngeleg asuk pas war,2025-05-12 14:00:48
f25ad0d9-6f56-4690-9b54-bcdf583230b9,Kiswari Semar,1,kalo pemula biasa aja soalnya gak ada drak sistem tapi saat mau mytix eh malah ada tim beban minimal ngehapus drak sistem,2025-05-12 13:59:39
98d3fb1d-85ca-4e74-9301-b60fe57ee153,Amat IG,1,knp 1 bintang karna banyak drak sistim bucil lol,2025-05-12 13:58:58
0fd13a50-483f-4ad8-b226-560e5da17d69,Gory Gory,1,"sering ketemu tim gk bisa main sedangkan mush jago setngh ampun, tolong dong kasih tim setara kaya musuh",2025-05-12 13:57:31
938ff4e8-d1c5-4494-88c3-8e03dda88d44,Ahmad Abem,5,keren abis,2025-05-12 13:55:58
5f9a1268-56eb-4ee3-b0d3-839f0adcfaf9,Naaufaalh Naaufaalh,5,Game yg baik tapi kurang banyak skin gratisnya sama top up nya mahaal,2025-05-12 13:55:37
620c04bd-f3bf-4117-b09d-c10ae5fdef40,Ella Aristya Official,2,"jelek, tim gak seimbang",2025-05-12 13:55:10
c6a41a6c-897b-4767-87f1-16354b0e44cc,Daniel,5,mantap,2025-05-12 13:55:04
7720751d-939b-4ed8-936e-c9adc7338f48,Primus jungler,1,game sampah banyak drak sistem,2025-05-12 13:53:40
4f338471-3ac4-41d2-b2f3-391df11e7032,tanji dor,1,Hero udh punya skin starlight di kasih lagi lawaak banget tuh banyak heroo yg belum punya skin starlight lawak.. ratain smua dulu tuh yg belum punya skin starlight lawaak lawakk moba lawak,2025-05-12 13:53:38
bee57d12-5d15-4803-80d8-c17776feb703,prty rrty,1,"moonton ini selalu menyusahkan player selain memberikan tim dark sistem, sedikit sedikit download data cape anj, niat menghibur atau tidak katanya game malah tambah BEBAN.",2025-05-12 13:53:30
8e80c41b-a17f-499f-a54e-3c99343bc143,MOCHAMMAD DEDE SULAEMAN,5,"keren, mengisi waktu luang",2025-05-12 13:53:19
05ee0f44-ab70-41e0-88af-1d115990c376,Maximilianus Dion Hendrawan,1,"tolong diperbaiki jaringan pada server, akhir-akhir ini sering banget jaringan jumping saat main tetapi saat dibuat untuk menjalankan aplikasi lain lancar",2025-05-12 13:53:03
454634eb-f9f3-4414-b6a7-32ff8945ee79,Fitri,1,moonton tolong di nerf ulti argus kalau di hit darah nya gk nambah nambah kalau udh di nerf ulti nya saya kasih bintang 5,2025-05-12 13:52:31
2631ca61-6dca-420f-a8f0-63105984b5c5,Abd mu iz,5,game nya seru tapi banyak drak sistem 🗿,2025-05-12 13:52:11
48768476-6fc4-463a-86b1-e008abe37923,Bintang Emas Nugroho,1,"game ga jelas, gausah di mainin, game membuat stress",2025-05-12 13:52:07
b247b76a-dab3-4c9a-bccd-831a755b5485,azza wanda,1,game nya lumayan bagus tapi akutuh pangkatnya masih kecil di kasih yang jago trus temen nya semua ngetrol mau naik gimana tolong di perbaiki sesuai peringkat rank,2025-05-12 13:50:52
4fdc8f8d-bd64-4dde-bbef-933b051d135c,Aura Linggau,5,Bangau! eh bagus,2025-05-12 13:49:38
3c1deb13-a063-4985-a3cc-958e8cdd27a6,kaisan kalani,3,halo saya sudah top am ml tapi ko gk masuk dm nya uda 7 kali lebih aku top am tapi gk masuk oh ada satu lagi wifi ku baik baik saja tapi patah patah mohon untuk di perbaiki segera mungkin sama DM nya uda itu saja,2025-05-12 13:49:05
62f97014-3ee5-4a84-846a-e07d2ca72496,FahmiArif Rahman,5,game nya sangat bagus apa lagi hero terbarunya yaitu kalea jika build nya pas sangat lah sakit dan walaupun hp saya tidak bagus dalam kata lain kentang tetap bisa bermain mobile legends dengan sangat lancar terlebih lagi download nya cuma beberapa ratus MB,2025-05-12 13:46:31
cd183371-1f01-4090-9b84-75ffa5c0857b,Eko Hasto prabowo,2,"montoon tolong kalo milihin musuh yang seimbang, jadi males kalah mulu, gara-gara musuh terlalu jago dan tim lebih bot, kasih lah lawan yang seimbang, gara-gara kalah mulu lama-lama males main",2025-05-12 13:46:24
dbe77209-af0b-47f6-8677-8388c84f3703,musrini,2,kenapa sih moonton?klo cari musuh yg setara dong masa aku mendapat kan musuh mythic kan ga lucu.sekali lagk loh saya bilangin,2025-05-12 13:46:14
f1b790be-f27c-421f-a276-43df83601ffa,M Ziyyan El Thariq Yusuf,5,epic menyebalkan,2025-05-12 13:46:06
1e0adbdf-c44e-46a1-be5d-8810742ff89b,Muhammad Fajar,1,"kebanyakan dark system, game nya bikin gila, pls ketemuin sama team yang setara jangan yang aneh-aneh moonton",2025-05-12 13:45:45
745e8779-34e8-450b-8586-35f36730b450,Ahmad Halili,1,stres maen game ini sumpah,2025-05-12 13:44:35
8f6efcbf-8c74-43f1-8f47-9f0da624ada7,Ram Lan,5,😆😆😆👉10000000000,2025-05-12 13:44:01
e5a83276-eeaa-4a92-9505-dde29d2116e0,Abas Togel,1,tim tidak seimbang buf selalu di ambil selalau kalah tank gajelas musuh selalu jago kalau ga niat bikin game kalah melulu hapus aja dari play store selalu rebutan role,2025-05-12 13:43:59
40f136e1-3766-4048-9a44-9ef0bfc4e489,SEPRI_093,1,"game apa ini, baru di tinggal sebentar sudah di klaim Afk. kredit skot turun terus, sampe tidak bisa main rank?",2025-05-12 13:43:59
25b66771-ce9f-4394-958f-eebd7c7b8599,Adha Satria332,1,game gajelas kenapa gw dapet tim nya ga adil bgt padahal udh mitik tim gw bot tim musuh jago ga adil monton tol ol,2025-05-12 13:41:39
6d2ccc34-870c-4835-ae83-f26eb9d9b625,Sutrisno Gigay,5,aku suka,2025-05-12 13:40:59
29fee365-e76a-4a6d-8e76-5415e583a614,Nofandra Azka,5,ᴋᴀʀɴᴀ ʙᴀɢᴜs ᴀᴅᴀ ɴᴀʀᴜᴛᴏ ᴜᴢᴜᴍᴀᴋɪ ɴʏᴀ,2025-05-12 13:39:58
b5219737-be26-4708-afa5-1c70cb6d952f,Noerby _Inc,1,Tahun 2025 udah nggak jaman maen Mobile Legends gua aja udah bosan!! buang buang waktu aja kalo mytic atau mytical glory emang dapat kepuasan apa?? Kamu cuma dibodohin ama moonton yang di update cuma skin doang ping sering merah ini game penyembah dajjal dari logo dan hero nya kalau kamu mau bukti kamu ketik aja di google Mobile Legends game illuminati dan disini banyak cheater dan ketika mengetik banyak sensor.........................................................,2025-05-12 13:39:27
dc2bb43f-0adc-4b45-96d5-6d7fc2884644,Andika Dimas,1,jaringan suka ngefram padahal sinyal hijau,2025-05-12 13:39:17
6481f124-96db-4e70-bd60-c89d42d8b850,Gareng Uyeh,1,moonton error ping merah mulu game rusak,2025-05-12 13:39:10
4a51ce59-0b73-4adf-9d8c-8f6f7be83754,jupret876,5,Seru sekali bermain ml,2025-05-12 13:38:49
e6593f1b-8741-4d72-87d0-6e367d610aa9,Andara Komunika,5,sangat seru dan menakjukkan,2025-05-12 13:38:08
087dc6b3-6424-4b5e-9607-3d3850ee1658,Agil Putrawan,1,"game tolol jir di buat leg mulu, jaringan bagus di luar game tapi ngeleg parah dalam game , jadi susah push ranknya kalau berkendala di jaringan terus, tolong lah jangan coleb coleb mulu tapi jaringan ngak ada perbaikan, kami yang punya HP kentang jadi makin susah pushnya kalau sering ngeleg kaya gitu.. parahlah moontoon nih",2025-05-12 13:37:55
a1bd72b7-bcf5-45f8-94cb-4c897ecaa82c,Akun Utama,1,gamenya ganti nama aja jadi game penambah setress,2025-05-12 13:37:36
60392eeb-45f2-4b53-8aab-ca34ad57826f,Ibu Senen,1,game g normal,2025-05-12 13:37:12
38c0337d-5879-48b8-aa29-0123762b444d,Al my Anime drawing,1,game tolol,2025-05-12 13:37:06
ce153d2f-6892-4615-9814-1c99c66b867c,alfian arief wildani “Wildan” wildan,1,eleah engga bisa ke buka hmmm,2025-05-12 13:35:09
64545300-28ec-4187-9d9c-5e1bb795a230,lylo pedro,1,game tolol,2025-05-12 13:35:02
6324e987-bd9a-4a50-82fd-e17c5918bd9b,Fachri Eko,5,Game nya seru Game nya seru banget dan banyak event event seru,2025-05-12 13:35:01
4d2234f3-50b6-4833-90fe-11a799dd8b07,Julaeha Leha,2,game bagus tapi ada kesalahan kepada ml tolong apus drak sistem,2025-05-12 13:34:33
47727e32-cd8e-461c-a3e5-422a3e5b94ee,Akun Pribadi,1,"montoon kenapa ini tiba"" kredit skor gua turun gua ga ngapa ngapain padahal tolong montoon kembalikan kredit skor aku apa ini bug apa gimana akun gua ZaTss- tolong montoon kembalikan kredit skor gua tolong montoon balikan kredit skor gua",2025-05-12 13:33:36
14cbae38-66b7-4fca-bf9a-db49799ee716,Tut chaken,5,maaaantaaaaap,2025-05-12 13:33:28
58e5262b-2187-481a-bc78-306ab77dca06,MUNAZAR,5,tolong kasih Hero legends yg kuat,2025-05-12 13:31:42
2fe2a974-4fbb-4d3e-ab22-93a2fe02ec79,Mursada S,1,gausah pake honor skor lah monton,2025-05-12 13:31:03
6f3c6b75-ac1d-43b7-ad2f-226198d67ada,Arifin Ahmad,5,Muntun saya mohon baf Hero alpha,2025-05-12 13:31:02
9e538591-7e36-4eeb-b595-252389908319,ropandam,1,"sistem nya di perbaiki lagi moonton, minimal adil sistem nya . Lama lama cape moontonn. GIMANA MAU HAVE FUN KALO GA ADIL BAGIIN TIM NYA, KOOOOOCAKK KOOCAKK, PEMBAGIAN TIM NYA BENERIN LAGI MOONTONN",2025-05-12 13:31:01
1635cb92-8e43-43be-b69e-e1f59e4dc287,Hapid Hafiz,5,bagus,2025-05-12 13:29:45
be229628-16ec-4760-8134-1fe9b8523e86,Aswan Gadi,5,seru,2025-05-12 13:29:36
208ffc23-6f56-4294-902b-549d9bd6ec81,Rehan Bayupamungkas,5,Halo kepada yang terhormat mlbb saya mengeluhkan tentang masalah yang saya sering dapat kan saya adalah user aldous saya sering kali mendapat kan masalah di skill 1 Aldous skill 1 Aldous kadang suka ga kena atau damage nya tidak masuk kalo Hero sedang Dash/ngeblink atau musuh fliker masalah ini sama sekali tidak di tanggapi oleh tim mlbb mohon masalah ini di benar kan karena saya user aldous biasanya damage yang di berikan tidak masuk ini yang membuat saya kesel saat main Aldous terimakasih🙏,2025-05-12 13:28:57
010d7e74-1640-4ae4-bf51-b0e88c0e3ef4,jibran ROBLOX,1,Game nya burik,2025-05-12 13:28:48
bdc14696-6ac5-45d9-ab2b-9ceb47165fc2,Fahmi,1,asal bup hero aku selena,2025-05-12 13:28:07
fe6bdc48-96e5-4c27-b49e-9ddca18d000c,Op Tr,1,game ini kaya setan lalap drak sistem .gua kasih tau moontoon udah berhari hari gua main tapi situ aja pangkat udah game ini ku kasih bintang 1,2025-05-12 13:27:23
e75ca9ed-daf1-49d3-9878-ee51ecd243f7,Raditya Arka,5,game ini bagus tapi lama lama gak seru.saya pensi dari game ini.dah👏,2025-05-12 13:24:46
96210a3f-c02f-49e4-b14a-7dfeced7e66b,Yusuf Alfarid,1,karena sering elek dan tim nya beban semua giliran musuh nya pro pro,2025-05-12 13:24:33
31653305-ae60-436d-a5dc-3435928ba012,Sabrinaraihana,5,PLISSS GA PERNAH BOSEN🤍🤍,2025-05-12 13:24:16
a280cc00-ab1c-4659-b0d8-932cf52be0ca,Fatriani Fatriani,1,"sinyal lahhh ,Ng framee ,pass mau myitic di naik turun nin trs ,cape min tlong lh",2025-05-12 13:23:19
6f89d2c4-b223-4e3b-a94f-68ab2878b6b2,Haikal Arfa robby,1,Moonton Server lu ngelag bet Buat gua kalah😭😭😭,2025-05-12 13:23:16
1d3cc76a-f6e3-4d85-b5a8-7bc32f166400,Leo Nardo,1,Jgan download game ini ... kalian di kasih kalah 3x baru kalian di ksih menang ... aplikasi GK mau kalian menang,2025-05-12 13:22:51
c216683c-6a6b-4dc4-a7c1-28b3d842d3fb,Muh Fikram,1,KENAPA SIH ML G WORTH IT BANGET KARENA DIA SETIAP KALI ADA YANG KOLABORASI SAMA ANIME LAIN EH MOONTON GILA TIDAK TAU CARI KOLABORASI LAIN DASAR TUKANG PENGIKUT PLAGIAT,2025-05-12 13:22:19
ab220109-040d-4959-8ee1-719ebceff8b3,maulana,1,"game gk jelas,kenapa pas mau naik satu bintang lagi pasti musuhnya susah,tim ngetroll dan banyak lagi.tolong moonton jan gitu lah, lama lama nanti kita pindah dari ml ke game lain.",2025-05-12 13:21:56
daf94538-cb87-405a-b8a8-a1e80cf79da7,Niel Santoso,1,"buruk, matching selalu tidak imbang. menguntungkan golongan2 tertentu",2025-05-12 13:21:46
fdd4ced4-08de-48cb-b494-5180c39dd294,Cun Cun,1,game tolol kebnykan dark sistemny,2025-05-12 13:20:26
fb3f0948-7c22-4d68-9346-6fa525d23cc3,BEBOY,1,byk cheat tidak myaman,2025-05-12 13:19:45
f55a3759-3b9e-4eeb-abb5-669c2c2988cc,ahmad angga,4,"walaupun kadang bikin stress tapi game ini seru banget bisa bikin seneng, stress,bangga,marah,sedih,dan semua emosi yang belum di sebutkan",2025-05-12 13:19:27
d4c16412-a806-4bb5-a53e-d0c5d861f752,Reyhan Prawira,1,defet terus,2025-05-12 13:19:27
99acd6f3-7649-49ac-94e3-b4ec0e4fe698,Djati Permana,1,"ngurus event elite ngurus sinyal sulit,tolol",2025-05-12 13:18:57
31b56113-7dfb-49a3-a145-75e17727befc,Raja Aja,1,Ml gakjelass kasih tim draksistem memang b4bi,2025-05-12 13:18:29
70ee29d8-d5e0-4a7a-a951-8f04fe904b0a,Fadhil A,1,"ini kenapa semenjak update jadi sering ngelag ya?, padahal wifi udah bagus data juga udah bagus tapi kenapa giliran main ml malah ngelag?",2025-05-12 13:17:03
a727b03f-557a-4018-b2f9-f1b76397175b,Arief Maulana,1,sinyal makin hari makin buruk.ini hanya karena season naruto aja seburuk ini apa lagi semisal sampai ada one piece.jika memang tidak bisa menjaga kualitas jaringan yg normal.untuk apa event mewah,2025-05-12 13:16:59
a3771d26-87f3-4046-905d-afa7e03e225d,Nasruloh,5,gamenya bagus banget,2025-05-12 13:16:29
dc7a90bc-b035-4b5f-ac10-24856d10925b,Shanum Mezzaluna,5,keren,2025-05-12 13:15:39
7289fce6-9a2f-4e44-805e-83d597e0bfdc,Epep Terbaik,5,ak ingin dapat semua sekin ml,2025-05-12 13:15:35
9d1a1d88-e028-4dff-be9c-8b8e74ae0466,Didah Nuraidah Nuraidah,4,ini game ml nya hd boyy,2025-05-12 13:15:30
c4b9369d-7bfb-46bf-95c7-7d73cdf73a28,Chuvraa,1,game rusak hapus aja,2025-05-12 13:14:20
8abe28d9-7db1-4e71-86c7-cf017b4732af,Abid Aqila pranaza,5,game sangat bagus,2025-05-12 13:11:40
0a740a98-f11d-4b44-91a9-c56ca10c75a1,dzul harefa,5,perbanyak defeat dari victory,2025-05-12 13:11:26
fd1d1c3d-ee23-4e2f-b5ed-af7f46daa0e1,Adnyana,1,jelek pembagian tim ga seimbang,2025-05-12 13:10:37
536c27a7-b403-4341-92cd-23e24f407145,Prasetya Nugraha,5,game ini bikin saya terhibur karena saya galau,2025-05-12 13:10:10
4e62ac94-7774-4e48-892d-fd6504c2676d,Daffi Syathir,1,"gw kasih bintang 1 dulu, bisa ga matcmaking nya itu dipertimbangkan, biar lawannya juga sepadan, terutama klo mau pindah rank, itu tolong kasih tim yg kompak moonton, gw player lu dari game ini rilis, cuma masalah ini yg gw benci dri dulu, tolong perbaiki atau gw pensi",2025-05-12 13:09:38
44074bc3-19d2-46ab-9546-3061e2e44b84,terry,5,gem yang bagus,2025-05-12 13:09:35
dc912c88-9416-4f46-a791-6a3c06e2605e,Azka Aditya,1,jgn kasih tim yg beban jdi GK adil,2025-05-12 13:09:13
077e0dde-2bc8-436c-b9de-389a039c9ef9,Kayan Andesta,1,"tlong dong kok saya setiap main leg parah banget, padahal sinyal kuat, kadang pas lagi war kita dibikin ny leg parah kacau ni monton",2025-05-12 13:09:04
32635ef4-fa4c-4f4a-94f4-7c305d047a0e,Zaki Lemon,1,"dapat tim jelek Mulu woi gajelas, dapat tim pic nya miya layla teross monton yg bener lah",2025-05-12 13:08:18
169d42e0-8790-4fae-bded-ebf3a061705e,lyla miya,1,monton monton makin kesini yang di update cuma skin skin doang urus tuk server sinyalllllll.,2025-05-12 13:07:34
706c2252-c53e-4285-b034-9b8f234d3e4a,ilham ham,1,"Ajg loooo moonton loss streak terus, Klarifikasi moonton.",2025-05-12 13:06:34
9ab81a77-079b-4d17-9368-ef02e94de1eb,Orang Gabut,1,"tolong kalau memberi tim itu yang imbang ya.., sesuai WinRate. Dan saya tidak tahu kenapa jaringan di game ini benar benar sampah, saya pake buat game lain lancar aja padahal.",2025-05-12 13:06:25
f8ba7c8f-16fa-4c31-831a-4c56be7563e4,Cepot Crf,5,kembalikan magic chese yang dulu moonton pleese lahhhhhhhhhh moonton🙏🙏🙏🙏,2025-05-12 13:06:15
3b9f150b-881b-4091-8796-3443990870b7,Alwi Subakir,1,Ck moonton² hari hari dikasih draksistem halo semua teman² mari Kita pensi aju gua udh kesel SMA game ini turun naik turun naik dahlah game full draksistem,2025-05-12 13:06:01
3ef7b91f-3cd5-4fd8-97fd-01b6dcbf8e7f,Sherly Azzahra,1,"sumvaa, ngelag bgtt gasuka ih, apalagi waktu mode rank, behh ngelag nya minta ampun😤",2025-05-12 13:05:29
348766ce-327b-4acd-88f4-b377a87b30cb,Hafizh satria Wijaya,1,apa kali gajelas ga nyambung,2025-05-12 13:03:15
ff6effcd-cc74-4620-888a-66d53069847f,Nazzxy Tynx,5,game nya asik brutal dan cocok di aku yg nakal,2025-05-12 13:02:49
d46330e0-0b21-4816-8db4-1515d340c486,yudi putragaluh,5,puas,2025-05-12 13:02:34
c81be173-bb8f-4545-a230-ee66550acfbd,Onel,3,kenapa ya setiap kita mau legend itu pasti banyak ketemu ya draksisten terus ya mohon diperbaiki lagi monton minsal ya hindari musuh Bebang giku,2025-05-12 13:02:25
1a2a3016-91dc-4536-ad93-678baecd0ff9,sapiterbang55,1,"ngelag padahal hp udh depan wifi, kirain aku yg bot tapi pas temen nyoba emng ngelag",2025-05-12 13:01:29
52d04b9a-1fc4-44a7-b795-6b788a7c2ec1,Kania viona Kania viona,5,gpp mau ngasih bintang 5 aja habisan keren sih😎,2025-05-12 13:01:13
74ede60f-9537-4d2b-993a-eae91b6fa62d,Gedung Sate,1,"HAHAHAH,MAMPUS LU MOONTON,RASAIN SALAH SIAPA GW DI KASIH LS MULU,ENAK YA DAPAT BINTANG 1 🤭😜😜😜",2025-05-12 13:00:08
ffba9241-720d-43a8-95de-e5aa01af3eb3,Efriyanti Efriyanti,1,game taik gua hapus game lo,2025-05-12 12:59:27
6fc1886d-a2e1-48c7-971e-87c8b2c6104a,Wahyu Saputra,1,game gak waras menang sekali kalah 7 kali gak pernah menang clasic aja tetap kalah game gak waras kalo sepi syukur gw,2025-05-12 12:59:25
c64c46a0-3834-4936-96ca-1f82fffbc351,Raja Saptura,1,"cobalah moonton itu hero grenjer pertimbangkan lah demen nya sumpah ngeselin banget sekil satunya berasa limitin loh dan ultinya bisa jalan pula dan limiti demen nya besar lagi, tolong pertimbangkan ya moonton dan hero sela lalu jalan sendiri sekil telat keluar lagi kalo war itu pasti kalah",2025-05-12 12:59:07
6ac67470-f8f6-4d74-ad49-57d94c255e97,RIDHO M&S,5,baguss,2025-05-12 12:59:03
f665ec5f-b106-444f-9a88-741aad6d8fd8,Wisnu Wisnu tama surya pambayu,5,kurangi Darksystem ton ya 😁😁😁,2025-05-12 12:57:53
9462e144-b509-4d76-a06a-cafa89701ec5,Yu Tobe,1,lo kalo ngasih tim bener dikit lah woiiiii ls mulu kapan wiiiinnnnnnn,2025-05-12 12:57:12
5c7e8f38-6b26-4e6e-b9c2-df2f59674015,Nani Harianto,1,heh mooton kasih tim nya niat lah ajg dari tadi wl terus kalau gini mulu mending pindah honor of king ae,2025-05-12 12:56:19
ded42aeb-102c-4c8b-a75d-a22d1321d24e,Hottua Josua Sitanggang,1,game pepek,2025-05-12 12:56:04
5f11a955-7ece-4b66-8d1c-cce00d582148,rendi miftah,3,game ruksak,2025-05-12 12:55:42
bea19e21-6af1-406c-9c1e-9a2bcfb5d291,Rendi Kusuma,4,tolong lahh monton sensor katanya di perbikin kya berlebihan banget gak sih. padahal bukan kata-kata kasar tapi masih kena,2025-05-12 12:54:54
7afef4a6-01d1-4e7a-a2a4-60958feaa5dd,Zaqi Mubarokh,1,"pembagian team nyaaa asal asalan, gaa niatt bikin game lol, masaaa SE team sama bot beneran bot, udah sering SE team sama epic, ini di kasih bot juga, hapus aja ml game gaa guna gaa niat",2025-05-12 12:54:44
3ed61326-e4db-4d65-b963-2fe96b8e88d9,Sanz Garage,1,dapat tim Dark sistem mulu,2025-05-12 12:54:15
8515395d-ab55-4759-ba1d-24b2566b8166,Isto Eisa,1,boleh kah saya bertanya hp ku kan mati terus akun masih ke pasang di hp yg mati cara mau masukin ke hp yg baru gimana ya ko gak bisa ya pas di ganti akun mau msk lewat akun FB. anjirr Napa lelet,2025-05-12 12:52:30
afd01c5d-629d-4bba-aad3-1ddee1743ec6,Rati Timbuleng,5,saya sangat menikmati bermain game ini⭐⭐⭐⭐⭐⭐⭐⭐⭐⭐⭐⭐⭐⭐⭐⭐⭐⭐⭐⭐⭐⭐⭐⭐⭐⭐⭐⭐⭐⭐⭐⭐⭐⭐⭐⭐⭐⭐⭐⭐⭐⭐⭐⭐⭐⭐⭐⭐⭐⭐⭐⭐⭐⭐⭐⭐⭐⭐⭐⭐⭐⭐⭐⭐⭐,2025-05-12 12:52:19
1416fb8c-042c-4076-abed-471903ebaaaf,masrianti ratu,1,game lol setiap aku menang 2 kali kalah nya teterusan,2025-05-12 12:52:13
cde0faca-71ca-4335-ac81-82566720b3b7,Bima Putra. A,3,"sebener nya ngak ada masalah di yang lain tapi sistem afk nya.saya pernah main 1 match 20 menitan lah tapi di tengah game saya disuruh sama ibu saya bentar, lalu saya tinggal sekitar 2-3 menitan lah tapi selesai game saya di cap afk sehingga kredit skor saya turun kalau saran dari saya kalau afk melewati setengah pertandingan baru di cap afk semisal ada game berjalan 20 menit nah di bil tengah nya kayak 10 menit gitu nah kalau lebih dari 10 menit itu baru di cap afk",2025-05-12 12:49:56
d1d71d92-f03a-4b6f-b068-4100bde332a6,Sifa niwana,2,sinyal nya leg parah,2025-05-12 12:48:20
8a08ed49-dae8-4465-a006-49fbfdb167a4,Agus GuzzZz,1,main ini bisa dibawa ke barak,2025-05-12 12:48:05
5c4374dc-464b-486c-865a-7e3fddeeb93c,Yuda Pratama,1,"player banyak yang berkata kasar, tidak mempunyai attitude, perbaiki lagi, banyak player toxic",2025-05-12 12:48:03
c885b7f2-0504-4a4f-a0b2-392a10ff8b0b,Muhammad AkbarAykho,5,"Saya pribadi sangat senang bermain MLBB tapi yg di sayangkan ada satu hal yg menurut saya kurang, mohon untuk pihak moonton kalo menerima laporan jangan langsung kasi sangsi/hukuman dengan pengurangan kredit skore karena tidak semua laporan tersebut dilakukan oleh player mohon di teliti!!",2025-05-12 12:46:57
026e367d-3f8e-4f2f-89d5-daf15668c6b0,Super Kill,5,saan seru,2025-05-12 12:45:37
bbea0113-97d7-49ea-ad3c-1a3797b4784c,Yusran Akolo,1,"game nggak ada otak,Ban Aja Dari Playstor.",2025-05-12 12:45:32
219c0020-d421-46f3-adce-af11f8eb88b6,Puji Aidil fauzan,1,malah nge bleng apa ini padahal hp saya iphone,2025-05-12 12:45:32
f40f4dc2-4541-4233-aa91-b42d57f118a1,Darma Wati,1,ini game parah. masa gw main menang sekali aja langsung kalah berkali kali ini game gimana sih? hanya karena dark system. awas player lu ntar jadi gila 👎👎👎,2025-05-12 12:45:09
fac582e8-d5ce-4dcb-9e83-24835825f5a2,sar tika,2,montoon tolong dong adain fitur riwayat top up diamond..,2025-05-12 12:44:41
94045d26-acce-4dd8-9701-1c9867ceaa2d,Fatih Sirat,1,tim sangat buruk setiap saya main saya selalu kalah,2025-05-12 12:44:35
ffb11706-876a-444a-92bb-b81efff162a4,Mang Triawan,1,"game apalah, selalu di kasi tim bot",2025-05-12 12:44:33
8cab180d-1ea5-462a-9878-dbbc61a9f55f,Faiz Abdurrahman,1,kok saya gak bisa masuk malah keluar,2025-05-12 12:44:30
337e8f63-319a-47a9-8157-a0250b23e4c4,APRIANUS TONI,5,Aku Suka Main Game Mobile Legends Aku Menang Terus Tapi Kalah Cuma Satu Kali Rank Ku (4) Empat Terus Aku Suka Game Nya Tapi Tolong Yang Kasih Karakter Sakura Sama Kalea,2025-05-12 12:43:41
9e6b3a8e-a6e1-4524-92ee-e47aad5595a8,Herlina Tambunan,5,sangat bagus,2025-05-12 12:43:17
cfb443d2-6589-4b3b-9e24-b8e66926ac92,Febrianto Gans,5,keren game nya,2025-05-12 12:43:15
cf53ac4b-f40f-4427-a331-7fa7fe592c70,Ar-Royyan Alpha Cipta Nugraha,1,"matchmaking akhir akhir ini seperti bermasalah karena rank saya sudah glory tetapi saya mendapatkan musuh dengan rank immortal sedangkan saya mendapatkan tim dengan rank legend yang membuat pertandingan tidak adil, alhasil saya kalah 11x berturut-turut",2025-05-12 12:42:44
26173493-54fa-4ea1-8674-14bdfa9f2dee,Mujiati Mujiati,1,capek ls monton punya dendam apa sih,2025-05-12 12:42:38
4e9d342f-3780-43bd-a62a-6d7c336a8c71,Rafael giovan Kharisma,4,game nya bagus sih tapi buat bikin akun moonton nya aja susah,2025-05-12 12:42:19
8ff5703b-178a-4b32-92bb-4a46f497f245,FAZAR BAGUS,1,game tll sering banget ketemu Jawa dark sistem,2025-05-12 12:40:21
131c5e6e-35b8-4a68-b9ff-00f4508ada77,Iwansetiawan Oma,5,sangat seru game ini,2025-05-12 12:40:21
78e5955d-d4c1-4a17-9309-8c78af946584,Avelia,1,"kasih tim yang seimbang dong, masa gaada teman satu tim yang imortal terus pas main malah nabrak musuh imortal",2025-05-12 12:39:59
fca2ff70-4a12-48f6-b0cb-2d8f836d9841,Farhan Ranau,1,terlalu banyak dark sistem,2025-05-12 12:39:15
2c48ba99-3ad2-464c-a152-ecc53a39e4d8,Gmail Fresh,1,bikin player marah terus,2025-05-12 12:38:52
50c38e58-8087-431c-b085-22eb9dd11eba,gussofi2023,4,seru,2025-05-12 12:38:25
14489acf-e9a7-419c-8cdc-844e8c594ed3,Rofi Septiansyah,1,montoon benerin dulu bug nya itu pasif benedetta ngestak semua,2025-05-12 12:38:11
f309e692-0501-4d1b-a23b-298f9c89dee7,Barokah Bogell,1,game kaya tai,2025-05-12 12:37:54
89e37175-e72b-4abe-ae00-2eb0fc3ecbf4,Saudi Effendi,1,game mobile online asu,2025-05-12 12:37:06
5657ed51-121d-4f75-95ed-8b9a248bb12f,Kose Jx,1,"uninstall, lag",2025-05-12 12:36:55
e6d44dc7-668c-4b2d-8b56-e6633f9c77c5,candra andriyana,4,tolong dong kalu draksistem d pilih percuma main kalu dapat tim ngaco main jd g enak,2025-05-12 12:36:45
75746edc-038e-40dc-a44b-6271a7ba5233,Sulkhan Khoiri,1,gamenya bagus tapi sayangnya sistem matchnya udah busuk,2025-05-12 12:36:36
55777695-2fbe-4af3-ae45-b0587409837b,Ramsi Ranau,3,아주,2025-05-12 12:36:18
be8ab25b-889e-4e0a-88d4-aed32f925a23,A UKI,5,ouwh....,2025-05-12 12:34:57
3325ee9f-a50b-4473-8440-6dd0947dbbce,Alfaqih Zaman,5,"bagus sih game nya,banyak hero juga dan ada 5 role yang aku suka",2025-05-12 12:34:23
41e72327-1559-4eb1-95a1-783279cbc281,Junior Mc,1,badjingannn kapan gua menang,2025-05-12 12:34:23
0256682c-73c1-4710-b1e5-fe7efb9ca2cb,Fila Reno,5,sangat menyenangkan untuk dimainkan,2025-05-12 12:32:17
6a849ec7-01c8-4606-b85d-60dae22901d7,Lingko Lingko,5,asal jgn epik abadi aja,2025-05-12 12:31:51
8d0ba64d-b988-4e57-9116-0210b44c019c,sanohugo dlaw,1,"Game sampah,toxit",2025-05-12 12:31:49
364b416a-cdcb-4f4e-bb61-4590a81894d7,dius Ok,1,permainan babi selalu iklan,2025-05-12 12:31:27
09866060-209a-4385-960a-0b59c6a8e19f,Muli lampung,1,game jelek ngasihh musuh gak seimbang musuh nya jago tim nya donggo gak usah donlod gamee bikin stres orang main game biar hapy ini malah bikin stres mending main hok ajaa,2025-05-12 12:31:20
3e687b83-d114-4ecf-9f50-9dd4f5624352,Zahra Chantika,1,game gblok,2025-05-12 12:31:17
95b392bd-1bcf-45dc-940b-447f0a45cdee,Rizka Pratiwi,5,mantap,2025-05-12 12:27:06
f3c926af-e715-442a-b3be-9e1b0355ccb5,Musa 89,2,monton tolong keredit sekor saya peliss 😳😅😢,2025-05-12 12:26:39
6289ab7c-2812-4556-932d-41a9405b7e17,Watini Anggraini,5,"sama aja kasih bintang 5,masih aja lose mulu",2025-05-12 12:25:38
6476fe20-a4e7-482e-9386-a3e2b6c9064d,Muhamad Ridwan,1,susah sudah di mitic dapet tim dongo musuh nyaa spek imortal,2025-05-12 12:25:35
be63b321-9ae0-4664-ab65-550122ffa7b9,Malas main ff Betul,5,ml hama,2025-05-12 12:24:07
d255a615-0e12-4388-983b-6f1a156502cb,Rio Bagados,5,bagus,2025-05-12 12:24:00
4b8ea42f-2d2f-40cf-9645-3e8671e591b3,Nadih Oget,5,nonton berikan aku tim yang bagusss,2025-05-12 12:23:58
8dd6a5db-a757-410d-8c06-4a85537dfa49,Edward Valensius,1,"ini game kenapa tiba tiba gak bisa login ya, padahal jaringan bagus dan ada",2025-05-12 12:23:35
17d4dcad-2c6b-4d66-a56b-1805999b206c,Hatifa Kiki89,5,mantap,2025-05-12 12:22:59
45246685-af64-4069-9fe4-e716442437cc,BUKAN Wibuu,1,"Ngeleg parah walaupun sinyal bagus,Ngeframenya ga ngotak,Keluar sendiri padahal ga ada yang salah,kadang gak bisa disentuh walaupun sinyal bagus,Matchmaking nya selalu bertabrakan role gak kayak hok",2025-05-12 12:22:32
4d13aa3a-f8da-4c9f-a16f-b3684c245adf,Windi Dompu,1,dapat tim kaga bisa main terus mana menang sekali kalah 8 kali 🤬😡😡 banyak bug nya lagi mohon di perbaiki😡😡,2025-05-12 12:20:47
92e2f445-af53-44b8-b08b-e1ffc479d389,Walimatus Sa'diyah,5,seru,2025-05-12 12:20:37
52fe7e70-2f43-4339-9973-6a1244d8cfdc,alya adelia,5,Banyak teman makin seru,2025-05-12 12:20:21
09755c27-96e3-436e-bdc4-c11a78d40e4e,Supar Lan,1,"montoon kasih lah orang tim yg bisa mm,mid,hayper,tank ..ini kasih dari drack sistem semua",2025-05-12 12:19:48
821750ee-f4a2-40ec-820c-4a507efe239c,Hmm Q,5,bagus,2025-05-12 12:19:05
0d9270c0-fc72-415d-9a29-935201e2ec68,Traa 48,1,pembagian tim nya gajelas kadang ketemu musuh pro sedang kan tim saya malah orang yang baru main,2025-05-12 12:18:18
da676497-6d12-4a66-958a-57eaba57a860,Naopal Barkah,3,"Game tae, dark system monton is real🗿",2025-05-12 12:18:06
fe52f740-3dd1-4b1d-9605-bb91d2f4c6da,Hary Klienx,5,oke play game,2025-05-12 12:17:58
7f3fce86-f429-46da-9389-e4b8fac224e4,Takon Wae,1,sangat buruk saya main jaringan bagus tapi nge-lag dalam bermain game ml tidak disarankan untuk orang yang emosian seperti saya,2025-05-12 12:17:37
afa9d932-f0c4-4933-97dd-90314a759132,Kepin Napsi,1,gem bikin gila banyak drak sistem nya,2025-05-12 12:17:21
c926807a-3272-4c52-a5d6-04251666f2e7,acha mhesaputri,2,"seru tp skrg cm di ksih menang 2 or 3 kli doang, terus jaringan jelek padahal kuota bagus bagus aja",2025-05-12 12:16:55
d73b642e-26e7-4d10-b0eb-e571cd26c470,Yusuf Mikaila,5,aku suka permainan ini tapi ada yang kurang tolong matinya jangan lama,2025-05-12 12:16:49
b08acfc8-0e61-4d0c-bb78-c3c19ebf1118,Jufathir Gibran,5,bintang 1000000,2025-05-12 12:16:19
3d5d1f54-8172-47e6-9722-2d41b79b3d13,Azzahro Khabibi,1,kelemahan di jaringan,2025-05-12 12:16:02
5b0af6fa-2b75-482d-ae76-9b61571ca228,Hanif Nurdiansyah,1,"Game gapernah adil selalu dapat musuh pro,giliran tim saya selalu ga bisa main",2025-05-12 12:15:14
735e2713-0918-4823-9879-267d986a069c,Vici,1,"game GK adil main solo ketemu publik gj,kalu main duo malah ketemu trio GK jls,main trio ketemu duo GK jelas main 5 ketemu musuh jago bgt trs gw mau main BRP biar mng moonton astaga",2025-05-12 12:15:13
6ce17daf-a075-4674-a6a0-44acb1e08ba0,fatra anggelia,1,Moonton gila game burik,2025-05-12 12:14:59
7e4a4a8b-a65e-472b-badb-a3400babcc01,akuntes90 duapuluhh001,1,ngasih tim sama musuh gak seimbang mending hapus aja game nya,2025-05-12 12:14:53
a3ed58a4-3e95-4d78-8a67-48ba6c1844ae,Renra Syah,5,game yang bagus moonton tapi tolong kalo lagi main dikasih tim yang seimbang moonton🙏🙏,2025-05-12 12:14:28
fa0460c5-bfd9-4193-84b4-84affbfebf34,Dimas Jak,1,entah kenapa gua selalu dapet tim gak bisa di andalkan tolong moonton beri saya tim yang bagus tod,2025-05-12 12:13:00
708e94ca-44de-4f79-a10c-2c01be17513c,audina adv,5,permainannya seru serasa asli ml permainan terseru yang pernah kumainkan,2025-05-12 12:12:57
b5a2aa58-1b98-49cc-b223-6e9a66537a5e,Jaelani As,5,good,2025-05-12 12:12:41
00568889-417e-41ba-9413-383109b32028,Hafidz Rizki,5,monton gamenya bagus,2025-05-12 12:12:23
901889e4-286f-46b4-8140-2845ad3e893e,Gratias marbun,1,"gajelas ML nya gabisa main rank,credit score abis terus padahal udah login Tiap hari ikuti instruksi",2025-05-12 12:12:13
8553a743-8751-4c75-ad7e-b57839143641,Raka M ridwan,1,game rusak,2025-05-12 12:11:58
d301440f-e8ef-4147-856e-2800a1d75050,User 1,5,mntp game ny bgs hd,2025-05-12 12:10:37
b752faaf-e66d-427d-a5ce-bcc1c95ce63d,Fairuz Muhammad,1,Matchmaking tidak adil timnya tidak paham bermain sama sekali jaringan saat war tiba tiba tidak stabil padahal ping bagus,2025-05-12 12:10:28
80a4ba0a-ad5f-4416-a9b7-f6d88a382b69,Alif Ridwan,1,musuh nya jago semua,2025-05-12 12:09:28
fb45de27-b07b-4f94-ab1f-559b8ed27949,Fitri Handayani,4,tolong para para draksistem min tolong di hapuskan dan keluarkan skin starlait gatot kaca dong min yg palinh bagus,2025-05-12 12:09:19
076c7af1-aa5c-48b4-ae3e-2bb6814b6c6d,Bima Saktiantoro,1,"game tolol dark sistem di piara, sistem report g guna",2025-05-12 12:09:01
aac3f3c4-d516-4718-a480-33fda668f106,Athar Rizky,5,sangat seruuuuuuuuuu,2025-05-12 12:08:38
ddaf3c7a-873f-4792-8d98-af42180dcdf3,FIZI KRA NAQSYA,5,sangat gg,2025-05-12 12:08:01
1040b21c-50bf-4fec-afcb-2bead0f2a9a7,Abser Saka,5,gem ini sayat seru,2025-05-12 12:07:22
fd0ecf66-9f85-4c72-a561-828259a6535a,Resmaria P,5,mlbb×naruto,2025-05-12 12:07:09
822a0991-2238-4093-950e-2a7cfe388d2d,Chesta Abdul ghani,1,"mohon maaf sebelumnya,saya sedang bermain dengan teman saya dan sudah masuk draf pick dan saya disconnek,lalu mengulang kembali tapi bukanya kembali ke draf pick ini malah masuk ke draf pick baru dengan tidak di sengaja saya telah bermain 2 game dalam 1 waktu",2025-05-12 12:06:40
0315c673-83fe-4558-939f-79333f1aa53d,Samsung Jetujuhprime,1,game yang sejauh ini yang paling buril gak enak padahal udah hidupin paket masih aja gak menang lol anjjj,2025-05-12 12:06:33
a4cbf5b9-c52c-4b15-93bf-a12e48b0120c,Dwi putri Hanifah,5,susahin dong lawannya,2025-05-12 12:06:21
1f8e0ae8-3b03-47da-8eea-1894dbc0db91,Aropah Apah,5,bagus tapi gimana cara genti akun?,2025-05-12 12:06:15
ff5442f7-193e-420f-8e97-585cec992f9b,Atikah,5,permainan ini bagus dan sangat menenangkan saya beri bintang 5 karena permainan ini paling bagus menurut saya.,2025-05-12 12:05:52
cb30f4d3-bc2f-4439-83e0-24a4e5d217cc,tia melina,1,jangan pernah download game ini saya mau ke legend tapi jarang di kasih menang orangnya toxic game jorok jangan download,2025-05-12 12:05:33
761d9eb8-4b6a-4596-9259-f7106d9b9d9f,Sri Yuniarti,3,gim tolong diperbaiki kalo main rang selalu dapet tim bodo kalo ngasih tim yang bener lama lama pensi kalo dapet tim g benerini juga game rusak afk bentar menghubungkan kembali g bisa,2025-05-12 12:05:07
cd8b96ee-3068-496d-babb-21326e633841,nabila NABILA,5,bagus,2025-05-12 12:05:02
50f61f88-674a-4f9d-a662-0d0102085ca9,David Irwan,5,good,2025-05-12 12:04:15
a1ebe0ed-4b89-488e-a1cb-a31244d71f9d,Keisha Azalia,2,di kasih monton musuh susah banget,2025-05-12 12:03:21
930dc256-939d-483a-abaf-fb18196dc2e1,Kokomkomodo Komodo,5,permainannya bagus efek-efek nya juga bagus ada kesalahan jaringan karena saya tidak memakai wi-fi dan internet jadi jaringannya jelek tolong diperbaiki ya moonton,2025-05-12 12:03:04
a00a91f4-06e9-408c-9b14-26d321e24157,Windi Adelia,5,menurut aku sih bagus bgt game nya,2025-05-12 11:59:49
07866877-5758-471b-b3b3-1890e3abca50,Jamilatun Nisa,5,ok,2025-05-12 11:59:38
27d940df-155a-433b-9404-6c79ceb9fba1,Syilasofi,1,"menurut ku ml ini gamenya bagus tapi kurang di 1.pas lagi tarung kadang tim sama lawan tuh ga seimbang lawannya jago kek tim kita cupu 2.jaringan sering banget gw lagi main tiba tiba ping nya naik sendiri dari 53 jadi 200+ padahal sinyal bagus bagus""aja tuh. saran gw recall""tuh buat sekali aja ga yang dipencet berkali kali soalnya kadang kadang yang recall""kek gitu ngeselin banget trus kasih lawan ama tim yang seimbang kayak jago ama jago gitu masa tiap hari tim lawan jago trus.",2025-05-12 11:59:36
cb02bacb-fc14-4621-9572-12d465e76fce,Uus Pesek kenongo,5,tolong kasih aku daimen yang banyak udah aku kasih bintang 5 loh,2025-05-12 11:59:31
83c310f1-0ffb-41f5-a885-fc45106e6c09,Ahmad Arid,1,"kasih musuh yg gampang lah saya main dari jam 9-12, trus dari bintang 45-40 apa coba moonton plis kasih musuh yg botttttttttttt5",2025-05-12 11:59:26
2cd8188e-b08c-43f9-ae7d-069a46291a30,Janneta Carisima Halona,2,JARINGAN LU TU,2025-05-12 11:58:57
f4ff1650-5457-48c0-9a26-0cbf9a2983c2,Faris 12q,1,tim nya ngetroll,2025-05-12 11:58:50
d73be81b-0a36-4c6e-95c3-a4ff99acebb8,Youknow Human,1,saya jarang menang diberikan temen bot,2025-05-12 11:58:42
97ad2704-3195-4b6f-a10c-bd354c99306a,Fahril Fahril,1,game asu,2025-05-12 11:57:39
86775669-b657-4426-8173-bd5964efcb4e,Sio,1,main solo ketemu teamnya ga seimbang,2025-05-12 11:56:56
8b29ba08-7a6e-472d-9ef3-28a74947ec28,dendra endot,1,"game tolol, bikin stress doang🗿",2025-05-12 11:56:42
a5221f65-d955-419e-b4e8-dce7ace734a6,Shella zharin,5,bagusss,2025-05-12 11:56:10
05bc0ce0-89dc-4005-ad6d-b694e2a565a5,Intan Bintang,5,game nya enak,2025-05-12 11:55:48
2dc9a1c8-0dff-4c9b-aa85-457aea2e8b79,Defino Bastari,1,BANYAK DARK SYSTEM MONTOON LU KALO GW LAGI MAEN CARIIN TIM YANG KOMPAK NAPA JANGAN DIKIT DIKIT NGETROLL KAN GW CAPEK,2025-05-12 11:55:32
bebc24fb-56e9-4caf-9372-c46e5a44c1b6,Denis Ilyas,1,"GAME TOLOLLL, SISTEM NYA TOLOL, GW MAIN LS 20X GARA² TIM GW SEMUA EX MITIK MAWI, TOLONG BNERIN SISTEMNYA INI, GW GK DIKASIH WS SAMSEK SEMENJAK LS, PLIS BGTT",2025-05-12 11:54:42
b3f097e8-beab-42f3-ac17-0d131979f17c,Nisa,1,sering ngelag walaupun jaringan bagus,2025-05-12 11:54:23
28ec20f2-2d35-4f93-80ef-5434baa2b15b,Suci Andrika,5,BAGUS BGT!! enak dimainin di pc! seruu,2025-05-12 11:54:08
2cdc62f2-d39e-4c3c-b1f5-a6df4cfa6d6b,Arindra Ahar,4,"gamenya sangat seru dan bisa mabar bersama teman juga, tetapi entah kenapa saat saya meng unfrends teman saya dan mencarinya lagi tidak ada?",2025-05-12 11:53:40
808095c7-ae42-4f51-a27c-f5e689e4fc65,Rafi Destiyanto,1,"napa sih bila mau imon atu glory di kasih tim draksytem. kalok ngasih tim yg jelas gak kayak tim trol. bikin emosi aja ni game. solo, duo, trio, party tetep DRAKSYTEM",2025-05-12 11:53:20
5f0ba4bc-d226-4f73-8f60-d8cc3f94b1c5,ALDO_TAMPAN,4,misi pak moonton saya mau bilang. .klo ada masalah di game nya cuma sya jg mau kasih nilai plus seperti -visual game✅ -hero/ karekter✅ -event ✅ dll tpi untuk minus nya jg seperti -bug game dan map -dark sistem -dan ee.. terkadang banyak hero bug gitu mungkin itu aja ya Terima kasih...,2025-05-12 11:51:49
76cc4147-6082-4051-8127-62cf23dde036,Revansyah Muhammad,2,game ini Sangat tidak di rekomendasikan untuk player solo karena Game ini Banyak dark sistemnya sehingga susah sekali untuk menang,2025-05-12 11:51:49
62e2dacc-229b-47ca-beab-588ebbc104db,Riendy Pangaribuan,5,sangat menarik dan menyenangkan,2025-05-12 11:50:48
93e014d8-7bab-40d0-b8f2-0b774b0a99f7,ell moto,1,akun gw ke ban 24 jam karna cheat pdhal ga pake cheat apa pun atau rw anj gw bru login ml lgi karna pensi 1 tahun,2025-05-12 11:50:43
753de95f-40c8-4e75-be9f-ed689d31ca1d,Riski Aja,5,bang guya suka gem,2025-05-12 11:49:04
9a1adf65-220c-4536-9648-5b8303257a3a,Z 25,1,game rusak. ram 8 device reno 7 asli oppo nge lag kebanyakan cheater kebanyakan pemain yang tidak bisa kerjasama. draw habis 1500 diamond tidak dapat skin apa² tidak adil.,2025-05-12 11:47:57
2bfd4a0e-f99e-477d-91a4-1fccb53f6941,cholis nur,1,sistem konyolll ...wkkwk akhir nya gua uninstal,2025-05-12 11:46:05
0dc2b6ee-b233-464b-9fd3-b6a63a688fc2,Abdul,1,"Game Kocak, Update Event Makin Banyak Jaringan Y Makin Ancur, Masuk Lobby Aja Gagal Terus, Dapet Team Kadang Nggak Jelas.",2025-05-12 11:45:14
38cdd2e1-031d-415d-a944-ee8830ab197d,Kaori Cicak,1,sip auto uninstall,2025-05-12 11:44:29
17db3545-c8e0-4d31-9a77-416a64599009,Marfuah Hadiah,5,sangat bagus,2025-05-12 11:44:14
23003820-1b51-44b0-81e4-4b0b79a2872b,Kenan Bachtiar,5,game ini sangat bagus cocok sih buat saya yah😅😅,2025-05-12 11:41:56
dc1eaf8b-8f34-4adf-9893-7b0b67732ffa,Sa Imah,2,"Permainannya kalo pake wifi suka ngelag pling ga suka bngt sma ml klo kek gini, jlannya jdi macet"" pelan lagi lama. nembak aja smooth prah pdhal wifinya penuh, hrus bngt gitu pke kuota? pling g suka bngt klo main suka nya ngelag"" gini, tolong di perbaiki lagi dong masa wifi penuh di anggapnya ngelag gimna sih. sebel banget udh mksih",2025-05-12 11:41:38
c94fafed-f58b-4671-8257-7fcec1619fb5,Amelia,5,enak Skali untuk di main kan,2025-05-12 11:41:20
3a20b358-52d0-4d1b-9f07-e1d6bd2b9893,Navya Uswahasana,5,saya sangat suka game ini,2025-05-12 11:40:57
86fe26af-61b6-4899-a0bd-65c7495cb0d6,fajri 12,1,apa lah di kasih tim drak sistem mending main epep aja dari pada main gem ini,2025-05-12 11:39:26
5c2d8015-a897-48c8-8f95-e377d52a118c,Yuliani,1,karena di kasih tim beban semua,2025-05-12 11:39:18
5cf55182-5051-4693-bcaf-96a3b2b2b957,Jafar nugroho,1,jelek,2025-05-12 11:39:05
caede198-db7f-47a2-8592-507aeba8a07d,Indah Muzayyanah,1,saya sudah memainkan game ini dan game ini tidak wajar karena bikin orang emosi dan bisa membuat kan orang berkata kasar,2025-05-12 11:38:30
d1dad60e-33ca-4ef0-843e-353c5015b0ae,Han Ian,1,"sejauh ini game paling nguras energi, sistem matchmaking nya ga adil, jaringan yang selalu down dan jumping padahal main game online lain pun jaringan stabil, tapi main ini game selalu lag, game besar tapi ampas",2025-05-12 11:38:10
b6f9747f-93d1-4034-b86b-c011b24e55bc,indra gunawan,5,keren kamu moonton,2025-05-12 11:38:01
1d857047-668e-4a1a-b233-4183ef6833a8,Sahrul Gunawan,5,"Gamee nya dah okee update nya juga jadi tambah bagus, cuma tolong perbaiki masalah jaringan nya",2025-05-12 11:37:40
92d00bda-eb13-4681-9f2e-94736eaa4458,Indra Kurniawan,1,assalamualaikum moonton akun saya yang bernama arae itu tidak cheat kok di ban pada jam 4:20 saya tidak sama sekali menggunakan cheat saya bersumpah main murni di game tercinta ini.saya udah main dari 2018 itu saya main murni moonton saya hanya menggunakan skin saja tidak lebih karena saya player gratissan tolong di buka itu cheat apalah kecewa bet,2025-05-12 11:37:38
7d5d4456-59ec-402c-a6d2-9e2f2a9a5dbf,Ridho Bayonk,5,bagus,2025-05-12 11:37:35
c36cd6e7-a4aa-428a-af09-263529fd5a50,Zaenal Arifin,4,Game nya bagus.. permainannya gampang gampang susah..tapi tolong mode offline nya diperbaiki lagi.mode nya di buka semua,2025-05-12 11:37:20
8b8b577b-1258-437e-a9af-c030a5c91116,Parman Reza,1,sampah,2025-05-12 11:35:48
187b755e-b36b-4aeb-9b0d-ae2c39c0acb7,Paimology,2,"entah kenapa setelah update naruto ml jadi sangat berat, bahkan selama saya main ml tidak pernah merasakan ngeframe/patah² tapi setelah adanya update naruto emel menjadi sangat berat, mohon diperbaiki masalahnya",2025-05-12 11:35:38
2977eaa9-9d04-4de4-bb59-4772f4c24e2e,Rizki Putra Jepara,2,game nya udah bagus tapi ahir ahir ini habis event naruto sering banget nge bug tiba-tiba nge freze pas di in gem kalo gk gtu tiba-tiba item gajelas pdhl jaringan juga baik2 aja,2025-05-12 11:35:23
bf099b18-5984-4119-8efc-5216fc9f240d,Alu Card,1,Sering nge bug stuck Mulu skil nya ga bisa di geser,2025-05-12 11:34:54
eaffb07d-2d2a-48d4-98d7-7d95f16ff424,Ronin,1,"akun saya terkena masalah jaringan yg sangat mengganggu, saya sudah mengalami ini selama satu bulan lebih dan sudah menghubungi customer serfice tapi yang saya dapatkan hanya bug lainnya, balasan dari customer serfice tdk dapat saya lihat, karena saat saya masuk ke layanan customer serfice hanya memperlihatkan halaman utama dan balasan dari customer serfice tdk ditampilkan. saya sudah melakukan semua solusi yg diberikan dalam game tapi tidak ada yg berubah",2025-05-12 11:34:35
2e5a47c4-99f1-4503-9d81-a005a77f9f00,Naysilla,1,"menurut saya game nya bagus, menarik, bahkan pertandingan nya bisa sampai 1 jam, game ini sangat menantang, tapi kenapa ya jaringan nya jelek terus? padahal wifi nya ga bermasalah dan player nya tolong dijaga bahasa nya, terimakasih semoga membantu.",2025-05-12 11:34:10
755349aa-6b87-416a-a149-57b11b071869,Dzimar Arief Putra Narendra,1,"game burik ga bagus musuh gadaa yang mau maju main di turret mulu burik, jelek lagi game nya banyak dark system mending downlod efef klo gak hok kalo gak game yang lain hapus aja dari playstore burikk",2025-05-12 11:33:58
b688bf4e-ec13-4a7b-8d15-9aa2f82c5008,Fakthur Rohman1,1,buruk,2025-05-12 11:33:28
cb78de2d-515c-4f34-9e26-d23737c5143f,Rifky Mubarak,5,"bagus game nya bagus sekali hahhaha,saya main sudah lostrek 7 kali tanpa menang 1 pun hahaha, jadi saran saya perbanyak lagi kasih loss buat Saya ,aku suka sekali 🫴😋",2025-05-12 11:33:03
8eac4702-219a-4505-b2e4-b6bf127ee605,Allif Rizkyramdhan,1,karena game nya bagus aku kasih bintang 5 y👌,2025-05-12 11:32:53
4aa87014-c95a-446f-8bff-1caf3e917fbc,Aku Aku,5,sangat bagus tapi tolong benet para sistem hitam,2025-05-12 11:32:43
5c25949f-7c49-4ee4-ab7f-a62372d8246e,Elfan Rafael,2,banyak dark sistem game setan,2025-05-12 11:32:28
2e89032e-4e36-4535-a323-48a36930ed64,Anugrah Alfad,1,Nggak seru banget masa gua baru main langsung kalah 5 kali mending ini gem apus dari pelays tor udah jellek enakan yang dulu los mulu,2025-05-12 11:32:11
a09e7959-015b-4d1e-a7d6-2a7851d4c152,Ridwan.,5,Colabs Terbaik dan Terbagus Di Mobile Legends.,2025-05-12 11:31:41
8955d8af-2f4f-4855-8531-1ba56e327688,Magnum Enak,1,game burik sinyal bagus lag mulu game burik game burik paling burik,2025-05-12 11:31:33
c44000d8-ffa5-4456-b39d-744833f7a1da,Bilqis Books,5,mantap,2025-05-12 11:31:26
f1b3e953-2492-4c1a-84a1-718d9ead7946,Muhamad Dzaki,1,kenapa saya beri bintang 1 karena geme ini banyak drak sistem tolong moonton hapus drak sistem saya kalah mulu,2025-05-12 11:31:24
f8124698-ed7d-4a26-b24b-7a6d58e465e3,Tita Wajim,4,tolong lebih ditingkatkan lagi ping/sinyal nya,2025-05-12 11:31:21
e30030ff-0eb5-4173-8747-2ae5f9b2ee71,Ochta Viani,5,saya senang karena banyak skin gratisnya,2025-05-12 11:31:14
594bd35f-f9a7-4dde-8b25-42da897050b1,king ryu,5,sangat menghibur saat santai,2025-05-12 11:30:38
a0bfdfc6-d6ae-4831-924f-bb11307e605d,Ahmad Fauzi,1,game ini banyak dari sistemnya,2025-05-12 11:27:40
42102370-a5c9-48c1-8849-cb0ecb5b54cd,kevass,4,Kenapa setiap pen naik ke peringkat berikutnya pasti dapet server server yg suka ngetrol? Jadi ngga seru bnget mainnya,2025-05-12 11:27:07
9c044f9e-1b5a-4b50-8e3c-a72755b62b4c,Musvala Vala,3,kenapa kalo baru main hero nya bulat tolong di perbaiki kalo menurut saya lumayan sih terimakasih tolong di perbaiki baf,2025-05-12 11:26:08
8e84926c-194e-4756-8111-c1824b3693f0,Mas Edi,5,zahra 😍🤩😎,2025-05-12 11:25:38
f2f6b6d0-db6e-47f3-bf80-dce3870c4953,Hidekii Ror,1,minimal ngasih tim tu yg jelas jangan modal event bagus doang kikir,2025-05-12 11:25:25
53345f40-90c3-4d72-8bec-59a5e5cb3371,NUR HASANAH,5,game paling seru,2025-05-12 11:25:24
acca22e8-4c3b-474e-9783-2552f9bce0ff,Wisnu Cakraningrat,4,seru dan bagus karena sedamg colap,2025-05-12 11:23:47
a5fea1f9-c7c4-410f-833e-3561557b8fd3,Sariama,1,Game burikkkkk,2025-05-12 11:19:26
21cf09b7-dd6f-43db-aa0a-ab6cd46b00d3,udinnn,1,"GAMEE FOMOO JELEK DRAK SISTEM NYA PERBAIKIN LAHH MONKON , GW MAIN 5 GAME KETEMU TIM TROL SEMUAA , GAME JELEK NGAKK REKOMENDASI , JANGAN DI DONLOWD GUYS.",2025-05-12 11:18:34
346c21dd-8481-4f83-b606-8ff4382e0084,Sudirman Akbar,5,mantan,2025-05-12 11:16:19
f62a6f0d-c856-4395-8d87-b2474618e98b,Faisal Magetan,1,game buat aku toxic mending hapus wkwkwk gg gak guna,2025-05-12 11:16:05
184975d4-1fef-45d7-9b6c-98f1756ce6e8,Toha Subhan,1,"ini game termasuk game yg sudah tidak cocok untuk dimainkan , game yg bisa membuat orang yg memainkan nya depresi lebih baik di hapus dari playstore dan. anggap game terlarang sudah banyak orang2 yg mengalami stres parah",2025-05-12 11:15:57
df90eab0-ffbe-4742-b9dd-8292695f3075,Hanna,5,seru,2025-05-12 11:15:13
71c177b3-421e-4e38-9034-bdc727c875f3,Aldan Ardhani,1,game elekk mbuak,2025-05-12 11:15:10
1db3d0cc-477d-45fd-a63f-41a66b417605,Abrian Siregar,5,saya mau laporan saat itu saya sedang bermain classic tiba tiba listrik mati dan akhirnya AFK masa karena ketidak sengajaan kredit skor nya malah berkurang tolong segera diperbaiki masalah ini 🙏🙏🙏🙏(KOK SLOW RESPON YA),2025-05-12 11:15:05
ac088574-e74e-4711-a0f6-56b8de8cae53,Fadil Irsyad,1,"game bikin emosi,gak bermanfaat,gak menghibur sama sekeli. pay to win,lenkap sudah. udah aku unistal game ini",2025-05-12 11:13:43
ee7dcf5a-740e-4a57-9d1f-02070000247f,Lina Kartika,5,sangat seru,2025-05-12 11:13:09
5935a83d-a6f2-4e4e-ac2a-5266f9ec607f,Jvuggtr R5u,1,banya bocil anjj main cuma mati dong hal bend kaya dini lah bagian cit bend orang kaya dini gak,2025-05-12 11:12:49
f49fc2de-f9ec-4414-9ea9-78af1e7c3960,Christ Jerepito,1,"main solo terlalu banyak ketemu troller, direport juga saya melihat sepertinya tidak ada tindakan tegas dari moonton",2025-05-12 11:12:33
6e5417f1-54c4-400c-9210-1d52318a4cd4,Akmal Afnan,2,kalah terus lose Trek,2025-05-12 11:11:14
a0fcf962-8488-4011-a6f1-9929b4a2d1f6,nur aini,1,game nya buriqq,2025-05-12 11:10:53
66c4b606-7e7b-428d-aae9-2b248dbcdb7e,Gibran Alfahreza,1,montoon tolong lah dark sistem di hapus mainya beban kali loh kalau gak dihapus mending main game sebelah😠😠😠,2025-05-12 11:10:32
0264b928-c542-43da-ad50-1bcb832adc98,Erfan19 Hidayat,5,game moba 5vs5 terbaik,2025-05-12 11:09:23
f0352fda-2210-43c5-a77a-3ef469cef5f2,Reza Tor,1,monton aneh menang sekali kalah berkali kali,2025-05-12 11:08:57
bb3ac257-caf7-433a-908e-0b034068ff63,Muhammad Alfarizi,1,Karena tim musuh lebih GG dibandingkan dengan tim saya,2025-05-12 11:08:49
ab8c5774-3302-4cdf-a63f-facd2a889c43,Aufar Rasyid,1,eh kalo ngasih tim itu yang bener napa,2025-05-12 11:05:56
b300eca1-f61e-4090-b922-be3b0dde55ff,Martin Silalahi,1,jangan mau download game ini nanti kalian stres karena teman kalian bot tapi lawan kalian pro player,2025-05-12 11:05:41
21c354d9-1166-4cae-bab5-d47f1f4f73ac,Ahmad,1,gem nya bikin kesel kebanyakan orang ngetroll terus pada ngatain ortu pemain nya setiap main cuma nambah satu bintang doang,2025-05-12 11:05:37
9fb288d4-69d4-4d1d-bc4c-344bbbca2621,hasan ali,5,fairplay game seru bermain bersama,2025-05-12 11:05:14
1a04ef16-88cd-422d-a6e1-f319f2777f77,Oha Yooo,1,game lu jelek kebanyakan darksitsem 6xmain Ndak ada 1pun si kasih win,2025-05-12 11:05:09
95927d5b-fb39-4813-930f-386f6c7134da,Aris epep,3,montoon kenapa pas mau naik rank Napa lu musuh nya jadi susah dan tim gua nya yang gak bisa main kenapa setiap mau naik rank gitu tolong di perbaiki oh iya dan proteksi bintangnya nambah kok sedikit,2025-05-12 11:04:23
1ddf7be4-07c8-41cf-86a7-90bd159a621e,Zeemotion zeed,2,"KLO kata gua mah yng darksistem di uji ulang aja moonton,masalahnya nyusahinn+ngetrol cape an",2025-05-12 11:04:15
e3dde728-36b9-4921-b901-4f88493f7af5,:mE wl i J aa,4,"moonton, angela sama lingnnya mohon di lepaskan ya, jangan di ban terus aku user ling stres bgt ga pake ling",2025-05-12 11:04:06
7d9fa47b-3c3a-4a6e-8cda-3bce2c3f8cf8,Chaidar Ishaq,5,Game ini sangat mendukung untuk hp nokia,2025-05-12 11:04:04
142c5705-82d1-4f71-9d8d-e1870cb4f7b1,Penjahatnya,5,bagus,2025-05-12 11:02:56
cb74e859-bcd1-4b8a-9605-3dab32115f3e,Nuzul Dzikri,5,karena gem nya mati suri wkwkwkwkwkw,2025-05-12 11:02:13
e797af8c-b294-4277-bcf1-3485e1d59d67,Nella Nella,1,"dapat tim gak imbang sama lawan, suka ngeleg padahal jaringan bagus, matchmaking lamaa buruk banget",2025-05-12 11:00:52
dc1b5663-0fec-4238-a466-5cd51f649e63,Sariah Sariah,5,game ini seru tapi aku selalu marah karna selalu difeat,2025-05-12 11:00:24
038ea844-c1ef-42dd-b162-2164fb3b440e,It's Jeef,5,sedikit membuat stres,2025-05-12 11:00:12
a5b8ab95-a098-472e-a8a6-8c669402d10a,Myrn Dzkrh nhdh,1,sulit,2025-05-12 10:59:49
76f635b8-5cf9-4288-8170-ebf768ab3aad,Bang Sandi,5,terbaik,2025-05-12 10:59:45
003abd45-f2cd-4f74-9819-b21c151357c7,iman lintang,1,"banyak yang troll hukumannya terlalu ringan juga, kami ingin fokus jadi kaya ah udah lah cape game ini terus, perbaiki dari segi hukuman moonton, gua bakal install lagi kalo udh ada update soal hukuman ini, tq",2025-05-12 10:58:56
3d5bb32b-d0d5-42bb-b29f-9782f5403994,Mawaddah,1,monton GK adil bagi tim,2025-05-12 10:58:54
a765457b-5c88-4bea-9dfa-e6e0c8e6a32e,Akunbaru 44,5,MLBB×NARUTO,2025-05-12 10:57:44
0b9e6f69-a4bf-4cec-ba74-3875370a8380,Anwar Uddin,1,game pukiii ga jelas banget tiba tiba relog gabisa masuk,2025-05-12 10:57:37
80654d5a-faa8-460b-8f83-0e35edb68e1d,Heru Wantoro,1,ML BURIK DARIPADA FF WUUU GAK PUNYA RUMAH SACI,2025-05-12 10:57:19
f57f0b63-915e-47d3-b0ee-4ce4b6eaedc8,Silvia Hidayat,1,losetreak gajelas,2025-05-12 10:56:20
5ed63ebd-9644-4f7d-8926-aa9869484c39,Putri Uye,5,saya sangat suka permainan ini,2025-05-12 10:56:00
71e54e6f-9745-4257-9de5-37330918654b,Ninik Carikan,3,kasih ws la masak di kasih kalah 40 pertandingan plis lah monton kasih menang sampai imo kalau bisa aku udah kalah 40 kali Lo masak monton gak kasian sama aku nanti kalau gak di kasih menang aku pensi,2025-05-12 10:55:54
65f02a27-ccb0-4810-8afe-5732709d5eb9,didi winans,1,nggak adil legend ketemu epic nggak Adil ngemis bintang ya moontoon,2025-05-12 10:55:38
e7ffa62e-028a-4938-b792-9c731bc61d2a,Outniel,1,game jelek banyak yang pakek cit jaringan suka ngelek padahal pakek data tak buat main game lain aman aman aja kok buat main game ini agak lain,2025-05-12 10:55:13
38712798-6d02-41f7-8158-01df7617d3fd,Satipa Suto,5,Ok,2025-05-12 10:54:39
b341fe47-eab9-4351-a7e6-ce9c301323e6,Devianty mm,1,aku pindah aja ke hok gamenya ga adil.,2025-05-12 10:54:29
10c1264f-d3e0-459d-ab23-6f6e09446a6d,Renzz Renzz,5,keren,2025-05-12 10:53:49
8a5fd3b7-c4ef-4f51-b815-f95b346f0d1c,Akunff Serverff,5,bagus grafik nya,2025-05-12 10:52:59
55e83b0d-7dba-4c34-9b3b-3ed6bc846190,Arter Yonas,5,enak banget main nyaa mengisi waktu luang,2025-05-12 10:52:11
fd2e2ef2-c6bc-4149-b06b-d65cee609c28,Febriansyah Aldi,1,game anj sinyal nya benerin,2025-05-12 10:52:04
447b2837-ca20-41c6-84ab-c867e17fb108,Sri Wulandari,1,gem rusak kebanyakan bak,2025-05-12 10:51:21
14712284-36a5-4000-b7ba-88418f040948,Renaldi Renaldi,5,sangat bagus,2025-05-12 10:51:16
ab493635-7fc1-444d-afac-fe5737ab4a92,Baihaqi Assyarawi,5,game ny bgus cuman tambahin buff ke Hero martis biar martis jdi Hero bgus dan kuat,2025-05-12 10:51:10
76fe6e72-9fdb-4c7b-b2fd-8638c99d0129,Heri Wayahe,5,Permainan ini sangat meyerukan sampai sampai aku menanang,2025-05-12 10:50:42
713332c0-c8b1-4a58-b135-e667a40e7fcb,Ayucanci Imut87,5,"seruu,asikk,enak,dn bikin gak bosan",2025-05-12 10:50:34
4fcb7f36-701b-4c14-b5b0-447fa26ba9ee,Azpar Lubis,1,ml jelek sekali,2025-05-12 10:50:12
03ea9f42-d7b4-4a54-832c-eadd6ad86125,Akun Google,1,"hapus aja ni game, main dari kamaren gak pernah menang, dan tolong ban pemain yang tidak pernah berkontribusi dengan team, dan hapus game ini jika perlu!!",2025-05-12 10:49:16
9c6c94aa-4e7d-412a-846b-1edda1d0570c,Af Tuto,1,malas aku main ml kalahan Mulu pindah ke ff aja,2025-05-12 10:48:21
609ccf51-6f03-4ffb-ad2b-d2c8c970f741,Nurma Yanti,5,bagus,2025-05-12 10:48:21
9974e74b-e038-4570-8fd9-0cbf672dd8c1,Salsabilbina Salsabilbina,5,pegen main lagi tpi hp tidak mendukung 😭😭😭,2025-05-12 10:47:55
b559466d-a28f-4198-8ded-11b3cd76a3dc,Giteng Gosong,1,sinyal nya TOLONGGG LAH DI PERBAIKI setiap main ml sinyal nya jelek terus padahal jaringan bagus,2025-05-12 10:45:13
8dc6a358-82bd-48d7-be13-508f8b837efd,MARTIN PICK,1,gara gara monnton aku udah kalah 42 belum menang smaa sekali dan ini aku sudah sembuh kemarin masuk rumah sakit gara gara sakit kepala,2025-05-12 10:44:08
4e58b98a-6072-40f4-8797-b50d7b5239de,Maulana Maull,1,"suara in gamenya gak bisa di ganti bahasa jepang, cuma suara heronya aja yang bisa bahasa jepang, gak kaya game lain",2025-05-12 10:43:59
2d7aeffb-2074-4505-ae79-b0ff4a72ebd6,RONILO BANAYO,5,bagus,2025-05-12 10:43:56
ca6060c4-dbf1-4545-9f5f-b3c62d96d00b,Fella indah,5,Ml burik banget di mata padahal sudah ganti grafik,2025-05-12 10:43:10
3ad572f5-af3a-45f4-b0b8-9b905b494170,Rifki Rifki,1,"karna gem ini bikin kesal dan musuh nya toksik, tim tidak mau bekerja sama musuh jago gem banyak bab nya",2025-05-12 10:42:59
e2959509-ce42-4a10-892b-6ffcd1367108,David Dasilva,5,game nya bagus,2025-05-12 10:42:12
85d4d372-089f-4fd1-a6e4-90889e771515,Sawi,1,uninstal aja ni apk. masak di imortal ls 17 tanpa menang udah gendong main bener ada aja temennya yg gaje petisi terbuks ni game ngabisin waktu kalian mending fokusbreallife aja,2025-05-12 10:42:10
9f4515fa-60bb-4575-a9e4-5c680071d9a7,Ydanzo,5,dari pertama main ttp aja GK bosan,2025-05-12 10:41:22
6e0acdb9-3782-468f-9d0d-45187fd9dcd6,Yusuf Hidayat,5,geme nya sangat menyenangka sekali aku aksih bintang 5(lima),2025-05-12 10:41:20
b8805a39-a0c9-40ae-879b-223069c5ed59,DENDI XT,4,game ml tidak membuat hp rusak tapi kalau ff hp saya bisa rusak.makanya saya comeback ml lagi,2025-05-12 10:41:00
5ea7a20c-75d6-4222-845e-13c3ad95345e,Juanito Agustin,1,apa sih moonton ini gua maen havefun doang ga pake cheat malah dibanned mana dituduh nge cheat ga jelas banget ni game,2025-05-12 10:40:29
4ee72478-442a-49dd-8069-c5341c82dcab,Aziz Muslim,5,saya suka game ini,2025-05-12 10:40:09
54f6a68b-1dfe-4541-a5e0-958a3234a79d,AldinDjuhardian,1,game burik,2025-05-12 10:37:21
5a7d977a-2f92-442c-967b-78bc8fd5c88d,Takeru Sanji,5,Banyak bug seperti sinyal jelek padahal internet masih banyak untuk keseluruhan semuanya bagus,2025-05-12 10:36:13
23a92260-450c-421b-b205-1ea91710fc33,Oppo 15,5,aku sangat menyukai gem ini meskipun aku selalu kalah aku tetap akan main meskipun rank ku nurun tapi suatu hari nanti aku bisa ke rank maytik aku berharap gem ini semakin banyak yg main aku doakan semoga gem banyak peminat amin,2025-05-12 10:36:03
9e5f47b1-91fc-430b-ab39-46430cb6916a,Ardi Dwi,5,game bagus banget fitur nya bagus pokok nya bagus deh,2025-05-12 10:35:48
17e9bada-7266-4de4-b769-863396ca17ad,Pristiwati,5,game nya seru banget cocok di mainkan untuk nongkrong,2025-05-12 10:35:30
ae60e423-b99e-4d5e-b4c1-f094aafa4a5f,Buki Ovi,1,"gk bisa bantu,!! akun kena hack malah belain orang yang hack..!! padahal bukti SS kepemilikan semua udh d kirim tp malah di sangka jual akun,ANEH!!",2025-05-12 10:35:08
546cf295-35db-42ec-b679-80ad30843481,sukma widya,1,"Perbaiki bug dan masalah dark system.. masak jaringan jelek waktu main mobile legend aja.. dibuat streaming Netflix, iqiyi, dan main game lainnya jaringan oke aja tuh",2025-05-12 10:34:09
f80bdde5-553a-4fee-aa26-455d860580d7,AldiAnnoSyaputra,1,Game burik,2025-05-12 10:33:58
c8270496-3dfb-4831-89f2-f013ccce4297,Servis Hape,3,minn ini gi mana ya cara naikin kredit skors nya aku pengen main tapi gak bisa tolong min apakah aku sering afk tapi aku klo afk tuh jrang jrang ini gimana tolong plsss,2025-05-12 10:33:03
775a1fbd-9d34-4b5f-8c5a-22dc72b003b0,Eka Papa Hafiza,1,"Semnjak di update ke patch Naruto jadi sering stuk di loading screen pas awal mau masuk game, sebelum nya udah 5 tahun main mlbb belom pernah kejadian macam ini.",2025-05-12 10:32:56
9e7d1157-1aca-460c-b31f-7a1740b608ea,Jull Akbar,2,kasih tim ga bener,2025-05-12 10:32:43
5b4e2f5c-85b9-4b10-a3a0-0081e5726099,Fery Firman,4,aku sangat senang moonton kasih kolab naruto tapi aku ga bisa pake lane of done naruto,2025-05-12 10:30:00
6d11ff03-1c1c-4b2c-b5d2-5706a65371b3,Danis Mahadika,1,Ada peringatan saya sudah bersihkan tidak bisa geme burik iri Ama epep titutitu Collab donlot data Hero bulat Hero burik,2025-05-12 10:29:59
a98f66a5-3e2d-43e8-be81-85227589c0a3,Ketut Suadika,3,masa di saya grafik nya gak naruto,2025-05-12 10:29:25
6a8a332c-276e-4f30-bc6a-6d642344a498,Sinar Dukohkidul,1,gak adil setiap main pasti temen ga bisa main kalo musuh bisa dan juga tolong jangan kasi temen yang nafsuan pengen kill doang ga peduliin temen gw kasih bintang setengah harusnya tapi karna itu ga jadi setengah,2025-05-12 10:28:56
10608dbc-a580-4f8c-8e37-8844d4c7ed74,Muhammad Arfan,1,"moonton minta solusi akun saya kurang kredit skor 8 dan ga bisa main rank, tulisanya afk padahal gara gara sinyal gabisa gerak sama sekali udah nunggu biar sinyal nya kembali tp ga ada perubahan tolong moonton gimana ini, padahal baru pulih kredit score",2025-05-12 10:28:24
d5e9904f-c05c-4ab9-96be-350c856d1e56,Umi Rokhayati,5,bagus tpi ak epic abadi,2025-05-12 10:28:15
b3744931-0eb1-4c95-8eac-df73c54cbbeb,Nailat kuku,1,Woi montoon apa salah aku dengan kamu setiap saya push rank kalah kenapa lu nyari masalah di kasi deraksistem Mulu saya apa salah saya atau saya pensi aja main ML 😡😡😡Udah bintang 20 turun ke 17 apa salah saya di kasi time nup semua capek bukan muda naikin bintang kayak lu mending lu yang punya game aduh montoon montoon kecewa pemain dah pensi saya main ml,2025-05-12 10:27:22
6d10d3b7-3e1e-4c1a-96fd-b9550e4f6bed,Bambang Wijaya,1,bagaiman sih monton buat game saya main 10 kali menag cuma 2 yang 8 kalah tolong benerin game nya saya cuma mengang 2 kali,2025-05-12 10:27:20
58b78081-faf3-4496-aa9c-fb0e2602e115,Erik Nurislami,5,goodluck,2025-05-12 10:26:13
c2566e22-189f-4617-b011-143c4a12bd3d,Bu Netrianti,1,cukup bagus kurang baik,2025-05-12 10:25:58
eec0948f-360e-4606-9826-d0d519cc33e2,Muhammad Riko,1,Buruk sekali,2025-05-12 10:25:20
fb63b840-b4a7-47bd-b807-37b29b4654bb,Adit Tiyar,2,di mohon monton gua udah Los 6 kali dapat tim gini amat,2025-05-12 10:24:19
f284f81e-4928-4516-a49f-8e54c538f342,ARYA ARYA,1,terlalu banyak darksistem,2025-05-12 10:23:39
6ef67dfa-f2a2-4298-a189-5ee4a6db349b,Saya Tiktoker,1,sering di kasih dark sistem kadang² dah legend malah turun ke epik gara² dark sistem kalo dark sistem di hapus lebih baik sih,2025-05-12 10:23:17
ca80eb1f-05fd-4810-ac67-38c25dc426b2,B Jasson,1,game nya GK bertanggung jawab atas kredit score saya akibat wifi di bilang nya Ama dia anda emang SENGAJA MELAKUKAN AFK😭,2025-05-12 10:23:13
41f6f7e5-ed61-482c-b116-e99e0a006236,Rizky Tegar,1,susah banget dikasih lawan mytic tarus moonton jahat,2025-05-12 10:23:08
d958141b-5ffd-49d2-b7f1-e7d11a7b0bfb,Jangan Tanya,1,"game galejas,di kasih tim kek binatang semua",2025-05-12 10:22:12
3938b2ae-792d-4860-a411-4e2ee1ba4d14,Hafizun Hapit,5,ini sangat bagus,2025-05-12 10:22:09
44cb446c-1134-460b-b951-d3097d6514db,Teuku Rakha Harun Al Riziq,1,"moonton lu kasih gw tim poke,malas main gw ajg",2025-05-12 10:21:08
5519277d-15b3-4376-ad66-005a3f53e642,Realme Mantapyes,5,seru ga gampang bosan karena banyak event yang bagus bagus,2025-05-12 10:18:49
3af7f48e-16e2-46ba-822f-f5807edc873b,Erwin Siswanto,1,kalah menang mulu cpe gw,2025-05-12 10:18:32
ea66b55c-c497-41d1-a77c-5c02ae1d73f3,yamada D,5,game ramah😊,2025-05-12 10:17:56
976ad6ad-92a6-478c-a6f7-6d3d361b8fec,Dedin Rosidin,5,ini bagus banget buat lagi bosen dan lagi GK mau main main ini aja aku kasih bintang lima,2025-05-12 10:17:51
573a4375-852a-49d8-af6c-8edb9292a669,Willy Wibowo,1,ini game moba atau uji nyali payah amat naikin rank nya.setiap hari tim dark sistem,2025-05-12 10:17:42
8c72f7be-36f8-43e1-b719-752754134ef6,Ar Xy,1,rusak tiap main ketemu dark sistem,2025-05-12 10:17:12
20eadda7-9c2a-4d03-95b7-e2ac1e509040,Sarip Aripin,3,"game nya bagus tapi jangan ada unduhan misalnya: saya baru login terus ada tulisan mengunduh konten. satu lagi jangan ada kredit skor nya biar saya senang terus main mobile legend. dan untuk MB nya kurang dari 50 misalnya,45 gitu",2025-05-12 10:15:49
4740a8bf-2ed2-41cb-bb93-415756eb679c,Nala Widyadhana,1,"gw diksih lose streak, ok fine",2025-05-12 10:15:17
84cd66ef-4c80-48ae-804a-91a60eede8d6,Chelsea Itucelengan,1,"yang lain pada dapat skin collab di gacha, tapi akunku tidak dapat, gak adil!!",2025-05-12 10:15:13
d8bdf845-8be0-4041-97fb-ede796cac91a,Destri zega,5,𝐥𝐮𝐚𝐫 𝐛𝐢𝐚𝐬𝐚,2025-05-12 10:15:10
bdcaee3a-c12c-4a50-8748-3dc0ed8e2461,Arofah M,1,game macam apa ini banyak dark system main pada feeder di ripot gak ngaruh apa apa main di rank tinggi main kaya bot skil epik banyak akun hasil jokian pada gak ngerti main,2025-05-12 10:14:45
a130eaa5-a66d-4f16-a9a2-c709fe64cd00,Muh Adnan Syafaat,5,belum 1 menit musuhnya udah sakit baget aku udah main 13kali tapi tetap aja kalah mulu,2025-05-12 10:14:14
a3ccd15a-97a0-4958-9ea1-88127f03242a,Rafa,1,Kalah 100 kali menang ga ad yg bener aj Monton loll tolong lah ilangi derak sistem muntun,2025-05-12 10:13:04
efb856dc-e706-4e55-9cbe-7831a885031d,Resi Wicaksono,5,bagus dan menantang,2025-05-12 10:12:24
ca6c4cae-f742-4275-bc3c-0afbf320727e,tri wahyuningsih,5,mantap,2025-05-12 10:12:07
4795245e-4027-42e2-ae59-691810291a0f,Vanya Aneszka,1,aku beri bintang satu karena moonton suka kasih aku kredit skor,2025-05-12 10:11:28
5b9bbbd2-c52a-4580-bb54-e0a9dcbc1c67,Dhany Ahmadineejad,5,gameny seru,2025-05-12 10:11:08
8cdd9761-cc89-468c-a691-32a7a3b1e3b4,Maelina Suryanti,1,hey montoon kasi gua menang dapet kaya epik jadi tolong tun musuhnya imo ngestak di bintang 10 kebawah emang montoon itu ga adil ya,2025-05-12 10:11:00
24abea72-8176-4b03-b7b6-0cc03511471d,Pinox Expayer,5,nice,2025-05-12 10:10:28
1b542ecd-ac85-4c8f-b52d-bf835658a582,Cintya Kalya,1,selalu dikasi dark sistem,2025-05-12 10:10:00
1090abe8-b0f0-4842-9bad-d2708d5aae69,Fahri Amarul,1,this game not fair for teamate,2025-05-12 10:09:53
90f6ff07-0ada-4116-9d2f-81884535f34a,Aji Sigma bjir,5,makasih monton saya di kasih los 20x bikin saya jadi stress 🥰,2025-05-12 10:09:30
4c1f7a40-633f-407a-8587-9c4a4e651c49,hendrawati,5,bagusss,2025-05-12 10:09:21
bfba19ad-09ad-4fd5-892f-258c02813f4f,Monster Hunter,5,GAME INI SANGAT BAGUS DAN ( HD )🤩😆,2025-05-12 10:08:26
bb5c2675-ca0e-43e9-8863-410a07526869,Basith,1,game tolol banyak dari sistem,2025-05-12 10:08:02
f836bf3b-12be-4b44-a863-bfa67968df37,Faza faz,5,bagus banget fiksi harus download gak boleh di hapus karna gem ini seru,2025-05-12 10:07:30
8127e8c7-3540-40ae-8d30-dda65ce5860d,Madina Alzahra,1,gem pilikasih percuma grafik bagus tapi pilih kasih,2025-05-12 10:07:22
de66412c-d1c6-4953-a384-519fd87540ce,Khalishahpramun Ditaputri,5,mabuti kapag gabud,2025-05-12 10:07:18
20a26728-b7a8-4030-ad3b-86bc3d85ca67,Riski NET,5,gem nya bagus,2025-05-12 10:07:18
fec9b076-ac95-4b75-a87a-5268b4ab569a,Izzul Izzul,5,gampang buangettt,2025-05-12 10:06:17
a0f9cc04-62d9-41b6-aa28-0fc2f99581bf,Adibaputri890 Liana,2,"bintang 2 dulu ini geme makin lama makin burik sumpah gak adil,, makin gak adil giliran musuh yg pkek hiro itu sakit nya minta Apun giliran di tim gue loss trus di ksih tim boot Mulu,, mending gini gue cobek aje game King honor dari pada ML gak jelaass sumpah",2025-05-12 10:05:53
de470cab-13aa-43dc-9b79-679c81f6f422,riza hardiansah,1,"mei 2025, sinyal sering hilang pas war.. loose streak dah jadinya..",2025-05-12 10:05:28
458fb6a8-b6cc-4545-aab4-b26b2668f8a2,Karti Sulastri,5,𝐤𝐚𝐫𝐞𝐧𝐚 𝐚𝐤𝐮 𝐝𝐚𝐧 𝐚𝐛𝐚𝐧𝐠 𝐤𝐮 𝐦𝐚𝐢𝐧 𝐠𝐚𝐦𝐞 𝐢𝐧𝐢 𝐝𝐚𝐧 𝐠𝐚𝐦𝐞 𝐢𝐧𝐢 𝐬𝐚𝐧𝐠𝐚𝐭 𝐬𝐞𝐫𝐮 𝐝𝐚𝐧 𝐨𝐫𝐚𝐧𝐠 𝐨𝐫𝐚𝐧𝐠 𝐡𝐚𝐫𝐮𝐬 𝐦𝐞𝐦𝐚𝐢𝐧𝐤𝐚𝐧 𝐠𝐚𝐦𝐞 𝐦𝐨𝐛𝐚𝐥𝐢 𝐥𝐞𝐧𝐠𝐞𝐧𝐝,2025-05-12 10:04:24
1ff83066-2fef-4bf2-995a-2ece89b78e26,Muhammad Arzam,1,game persis PUBG haram baru login udah los treak 4kali,2025-05-12 10:02:57
c184d832-152e-4e00-a515-9d1c247ee445,sei lepan,5,game nya sangat bagus tapi tolong ada skin dyrroth star war dan valentine,2025-05-12 10:02:14
c36b642d-7e39-4704-8554-1b9f3fc2c051,Ulil Amri,4,Gemen nya bagus tapi buat setetes momton tolong buat vitur ulang vidio dan tukar sekin denggan teman nanti gw kasih bintang lima dah,2025-05-12 10:02:11
d70eb4aa-4c55-48dc-8414-8e3f42cefbf5,Balyanur Mustofa159,5,GG PARAH,2025-05-12 10:01:22
da78b40e-8372-4856-988f-3a3b09c5eb71,Yassar Muwaffaq,2,kenapa ya gak bisa masuk ml nya udah lama padahal main nya tolong lah monton,2025-05-12 10:01:20
6e7762bd-1af1-4756-bec0-c16546cdf8ad,Sendi,2,"lu bikin aplikasi yang bener dong moonton masa ping naik turun leg terus padahal kondisi sinyal bagus lancar, memori penyimpanan juga luas lega. benerin lah jangan fokus update event doang!",2025-05-12 10:01:20
5981593a-25cb-4eee-8556-f065b78882a3,arif eka,1,aku saranin bagi yang baru main jangan di mainkan karena saat aku bermain udah mah tim nya terkadang GK guna suka ngejek padahal diri nya beban dan aku saranin banget kalian jangan mainin game ini untuk yang yang mau menguji kesabaran pasti juga langsung uninstall ni game kalo gitu mending aku main HOK KARENA KESABARAN KU HABIS GARA GARA MOONTON😡😡,2025-05-12 09:59:01
8d1a2014-0794-46cd-a2e2-c6afd00fd4c2,Turini Kamdari,5,seru bisa mabar (´✪ω✪`)♡,2025-05-12 09:58:36
87f4f8b9-d6ff-4b03-88d5-b52841b2b202,Khuswatun Khasanah,4,bagus tapi suka lag,2025-05-12 09:56:20
0841b2b5-7ddc-43da-8d63-438afed2bc47,Alif Caesar,1,match nya gak seimbang,2025-05-12 09:56:14
2c9dda0a-8558-4dec-8c8b-a8f24252f217,imas mariam,5,mantap²,2025-05-12 09:55:38
77fe8eba-73f9-4383-b8b3-9bd560de2e17,Zidan Arrosyid,1,aku tidak bisa ganti akun Google,2025-05-12 09:55:23
64cf0b51-98b0-4aa4-b4ba-702e037f80f1,Aji Saputra,5,"saya sangat menyukai game ini,saya bermain dengan teman saya namanya Alfan dan Aldo,walau mereka bodoh main nya,saya senang bermain game ini,karena mereka saya bisa senang melihat ketololan mereka baik di dunia game/RL.",2025-05-12 09:55:09
5c26eee4-c6a7-4d6a-886f-b7dd6ca78beb,William Taufik,1,tiba2 black screenshot 😡,2025-05-12 09:54:59
c9bd7a7e-bdec-4612-b0b8-66fade591b92,Sehat Silitonga,2,adil apaan coba brp kalk gw kalah moonton gw mau top up susah amat gw mau beli skiin miya star,2025-05-12 09:54:43
878d1b94-197e-45b0-84dc-0a2aab7811eb,Nia Oktavia13,5,Gamenya sangat bagus tapi banyak yang tovic tapi overal gamenya bagus,2025-05-12 09:54:40
17b0adfc-b171-4c44-9f61-192433f7224d,Vivo Y15,5,nama ml:ZAMZ,2025-05-12 09:53:17
06e6210e-7c4f-48ad-af54-0fe1a2881a21,Razaan Ma,3,"game nya si bagus, tapi Player nya yang bikin saya kesel, kenapa Player kyak gitu harus bermain dengan saya, egois banget, saya sampe kalah 3 kali, menang nya sedikit, tolong lah admin, Player kayak gitu jangan bermain sama saya, masa harus kalah 3 kali baru menang, minimal kalah 2 kali terus yg ke 3 kalinya menang,",2025-05-12 09:52:04
b4ffe073-41da-4046-8e97-ff9cea6bcdf3,Azka Algifari,5,Seru dan bisa mabar,2025-05-12 09:51:27
a8a7c5d5-2816-4bed-a619-767c8b811e95,Dr6699 Hsbbs,5,kerennn,2025-05-12 09:50:40
f3ab7bcc-b2eb-4de4-a300-e312611ba768,FREE FIRE,1,saya tidak ingin main ml lagi karena saat saya bantu orang tua baru bentar aja udah afk mana turun 10kredit skor nya saya kan gak bisa main rang,2025-05-12 09:49:55
99a5215a-6c90-442e-bf00-af28528a310f,Boy Novrokianta,1,ml sekarang tambak parah prespik nya gak adil,2025-05-12 09:49:54
34d6334e-b86e-4ca8-835b-25f46e109277,Eza Satria,5,"game ini bagus Bgt,saya suka karena banyakkk bgt skin gratis conto : skin,epik,elit,basic , walaupun banyak yang harus di download di game ini make wishes: semoga banyak skin gratis lagi,terima kasih MLBB🤗",2025-05-12 09:49:17
a760e495-9fb7-4079-8c16-387ddd87d959,Iwan Fals,4,tolong mm mm dongo nya di kurangin males main tiap hari lost trek mulu,2025-05-12 09:48:42
c9b3b423-6ad7-4983-a960-3fd74d75c0de,Nurlina Jambi,5,karna bagus,2025-05-12 09:48:06
de912dcc-6c74-4801-9277-438b15017d3e,Udin Petot,1,WOY MONTOON GUA CAPE KALAH MULU TUN KASIH GUA IMO LAH,2025-05-12 09:47:59
30d7ec7e-e373-4a8b-ac13-d21b4d673ce5,Muzhaffar Faathir,5,"Game nya bagus , match nya adil team kita ga bisa main tapi musuh bisa,ping nya gajelas aku yakin deh pasti di bales sama moonton kan Dev nya sangat amat mendengar keluhan yang kasih kritik aja ga di bales 👍👍",2025-05-12 09:47:54
b2ca25e5-bea4-4a41-8451-e546ce262b76,Jang The best,5,mantap,2025-05-12 09:47:25
a2b335a8-ee58-4df5-a9e4-f794d5d4763d,rahmad Rahmad,1,game gk guna udh 20 match kalah trs memang dasar pelit ngasih menang mending uninstal aja bikin pusing,2025-05-12 09:46:17
917cb333-725c-4546-92b8-43b0fcd851c4,Andri Susanto,1,musuh nya susah dan tim saya bot,2025-05-12 09:46:14
a877a699-cd24-4b84-9bf0-e8f395dd1ec0,Denis Den,1,"game ini tidak rekomen dikarenakan menyesatkan atau membuat anak muda marah marah saya sekolah bapak dari anak saya,anak saya sering membanting perabotan karna kalah bermain game ini tidak tangung² kalah nya sampai 30 kali game s4mpah tolong play store hapus game ini amin",2025-05-12 09:45:50
deb82389-bd49-49b4-842d-7d26c989254b,Muhammad Akmal,5,apik,2025-05-12 09:45:44
114a8e03-0d42-48bc-9f68-dd2fe3b5aa25,Muhammad Bagus Akma Nasrullah,1,kurangi drak sistem nya monton ******,2025-05-12 09:45:05
ab17d3f5-0013-452e-b1da-e189cb28eddf,Karim Abdul karim,4,"Game nya bagus,coba untuk Collab dengan Spongebob min",2025-05-12 09:41:58
41395f3b-c134-4689-9941-cf6f1d40c045,Cerah Ae,1,di kasih tim yang bot,2025-05-12 09:41:48
756a42da-1b0a-449e-ad9f-3817b0a37734,Aditya Pradita,1,game ga jelas,2025-05-12 09:41:06
7a9c7cdd-0290-4fde-9fbf-5a9f2eda12d1,Rafid Fauzi abdillah,1,kasi tim yang imbang dong tolol,2025-05-12 09:40:50
c5fdce2a-745b-4bf6-80e0-08a231ebf7e1,Ami Ibuk,5,saya sangat senang main gem ini dan kasih saya lawan bot,2025-05-12 09:39:52
1f14bc1b-83b7-499f-9d69-0d650a37a223,Andita Satya,1,tolong game ini membuat saya lose trike sebanyak 5 kali dan membuat saya turun ke legend 4 tolong di permudahkan lagi game nya dan jaringan ngeleg ngeleg mohon berikan musuh yang mudah serta jaringan yang bagus,2025-05-12 09:39:41
95e70c7d-ee40-4977-b36c-ad7be510cb50,Qadaria Baru789,5,seru si tapi aku sering Los streak,2025-05-12 09:39:30
eb825452-8412-44bc-b8b9-bdc340769ac6,Fitria Dewi,4,game mlbb sangat bagus game ini hd ga kaya ff buruk baru main 1 hari dah berenti,2025-05-12 09:38:18
efc2d18d-e2e5-4065-84ab-a1a5050cb1ea,Seno Pamungkas,1,kalo tim gua drak sistem terus gua sumpahin keuangan ml turun drastis,2025-05-12 09:36:45
ffdf1f13-439f-4cec-8e73-e9a2bec00667,Muhammad Soleh,5,bagus,2025-05-12 09:36:35
617915d0-0e71-4b7b-abfe-de76fb5b88ff,Abrisam Abassy,5,gem nah seru,2025-05-12 09:35:21
ceb0a39c-1462-4813-b9de-81b378559ebe,rea reo,5,permainan nya sangat bagus tidak membosankan,2025-05-12 09:35:05
53ccc8ff-9708-4b19-83ad-9f428841dc7d,Erni Suswita,1,game haram,2025-05-12 09:34:48
e57434d0-0c4d-49be-b4da-6043c7ba429a,ALVARO GAVRIEL GAMER,5,"Nih game bagus bet dah, banyak Hero dan ada pula skin gratis",2025-05-12 09:33:11
4ec6ee4c-d44b-40c1-8940-0081766aff74,Ilham Ar Rasyid,5,game bagus karena hero nya keren gampang untuk dimainkan,2025-05-12 09:33:09
640d31cc-7b77-4a03-9fa7-886361a599af,MFAHRI Muhamad,5,saya sangat suka permainanya,2025-05-12 09:32:13
3c1589b4-7e40-4743-b9bc-e72d30728826,Radit,4,Tolong Perbaiki Match Making Nya Saya Bertemu Dengan Player Buruk Dia Menggangu Teman Satu Tim Saya Risih Dan Saya Tidak Fokus Tolong Di Perbaiki Match Making Dan Soal Jaringan Juga Tolong Di Perbaiki Sangat Ngelag Sekian Itu Saja Pendapat Saya,2025-05-12 09:30:48
249cf9b5-6338-4199-9f68-9d325abb3ea4,Ruyat Ais,5,bagus banget,2025-05-12 09:30:04
db009c49-224d-4b56-b17b-ebe94ce974ad,Mafia squad,1,"Game nya makin hari makin Rusak, Sistem nya gak adil. Masa Player solo ketemu duo atau trio alhasil kena gang terus sama yg duo atau trio. Apa lagi pas posisi jungle atau gold lane..",2025-05-12 09:29:20
c070a424-95b2-4ba6-bdcf-2b462392bbb9,yuli yarni,2,gemyang bagus tapi tolong kembalikan sekin saya,2025-05-12 09:28:38
a626edc7-3429-4a5a-8f24-4ce2f76ecec9,Ghaza Mahardani,5,montoon kasih skin gratis naruto,2025-05-12 09:28:00
b2d4a6c5-6679-4e9e-ad3b-65e8e601e3fb,Setia Budi,2,cuma masalah di map nya aja . kurang suka. lebih suka map yg agak gelap kaya di hutan hutan,2025-05-12 09:27:46
7de59a00-4bec-44be-bbb4-ca01098387b8,Aqmal Deynial,1,"ml Napa eh masa ak main situ lA tiba"" datang bug enternet ak ok tpi ak dah gerakkan semua tpi TK dapat pastu ak kna tudu pula afk tpi ak tengah main",2025-05-12 09:27:04
a530faa4-47bf-4bc6-8e17-a4c4d58a4fe4,Sukaemi Sawiri,1,aku hapus ml kan di downlod lagi pas login ga bisa itu kenapa yaaa,2025-05-12 09:27:03
c0f2fdc7-f354-4b8a-9eb5-c90149409b86,Aspin Jaguar,5,ok,2025-05-12 09:26:40
17a341d0-525b-4b64-9453-2c325f897401,Hafiz Rehan,5,Tolong perbaiki ping yg sering drop tiba-tiba,2025-05-12 09:25:44
4e2eacbf-6209-4b68-9bfa-8e0b84e4d328,Rizki Aditia,5,pantastis,2025-05-12 09:25:39
65c40891-b8bf-4235-99c8-057da1e6cba4,Taufik gz Taufik gz,1,moonton cobalah bari tim yang waras soal nya tim nga gaje semua maen solo makin gaje majn duo 3 nya dark sistem ayo lah moonton,2025-05-12 09:22:56
4ee82acc-bb6e-4c24-920c-0fe4a9021b29,Kornelius,1,"WOI MOONTON, AKU DAH SERIUS MAIN, CARI BINTANG LAMA LAMA, TIM YANG KAU KASIH KEK BOCAH KAU YANG BENAR LAH, AKU DI TROLL AKUN KU arul_123 UDAH PROTES AKU KAU MASIH KEK GINI CAPEK TAU GAK",2025-05-12 09:21:56
c951e881-9c90-43aa-9010-8a42264a5c65,Deri Kimoci,3,game tolol gue di kasih tim bot mulu sampe gue lostrek 10 kali lain kali kasih tim yang jago ya ton,2025-05-12 09:21:53
3bcf2cd5-e202-4f49-a9fc-ea71879eea48,Duta Ml,5,game nya bagus,2025-05-12 09:21:27
74166b68-08a5-400a-9a96-3bc78c11b9e7,Olivia _,4,game sakit kepala,2025-05-12 09:21:19
28e72d14-e545-4fae-a21c-210432b1cbe7,Alung gaming R,1,game yang sangat tidak adil. draf pick yang tidak seimbang membuat permainan yang buruk. jaringan sering ngelag padahal Singal bagus,2025-05-12 09:21:07
f51c792e-017f-49a5-84a7-6c51dc73bd89,Yanti Arivianti,1,game bodo gw lostreak terus game moba yang paling bodo di muka bumi ini,2025-05-12 09:21:02
aeff90d6-ecee-4148-b53e-fd8f95339733,Sri Hartiningsih,1,game idiot,2025-05-12 09:19:41
2add8112-90c3-420b-bf36-c411a419ce21,Opo Oyy,3,dapet tim drack sistem mulu tolong hapus drack sistem nya masa junggle 4 tank 1 GK masuk akal game api ini,2025-05-12 09:19:37
10c27f03-7e43-4a5d-9789-44bcb50dd694,Riska Lusiana,3,"game nya bener2 bagus..tapi jaringan nya sering gak stabil pergerakan hero jadi gak menentu dan akhirnya menerima pesan laporan pengurangan battle point karna tidak membantu tim,ya mau bantu gimna kalau hero nya ga bisa di gerakin..apalgi sekarang sering sekali jaringan nya eror slalu muncul tulisan 'menghubungkan kembali'..kocak",2025-05-12 09:19:11
49d59782-c0ca-4aac-af42-4cceeb4ba17f,hafiza khira,5,game nya bagus+SRU SAYA RET 5!,2025-05-12 09:16:05
48393482-0da1-495d-8157-91b5b89c4867,Yoji Todrio,2,banyak dark sistem anjirr,2025-05-12 09:15:59
8083f4cf-830b-4a46-bae9-e955f308e19c,Evianti Evi,5,good,2025-05-12 09:15:26
7f4af7fe-ac0e-41da-9466-45ca2b1f3d1e,Iki Ajah,5,bagus,2025-05-12 09:15:17
bcc5a9ca-c4c8-42be-9763-8f6d570e7b8c,Linda Dihumamassie,1,buruk sekali kasi kalah terus menerus kasih kalah yg tidak seimbang..coba monton jgn beken orang peustasi,2025-05-12 09:13:34
a3dec878-bfa2-4439-b805-9d488e4f71c5,budi selame,1,tiap hari kalah kontolll kontoll buang aja dari playstor aja nih gem gem bukan bikin tenang malah bikin emosi gamcokkkkkkkk monton mmk,2025-05-12 09:12:41
64bbba59-5b8c-42a0-827c-3573f0c4417a,Sigit Putra Swara,5,bagusss,2025-05-12 09:12:01
2df5eb4e-bf73-455f-bf61-3f51cc5c88d0,Sobandi Wahyudi,4,saya suka tapi kenapa ya kenapa setiap saya mau main itu lah bgt Moonton perbaiki dong mlnya ini buat para hp kentang moonton,2025-05-12 09:12:00
4b1726bb-9601-469f-8e16-6513d81b8f95,indra brukman,1,"ga jelas setiap main di kasih tim afk,tim bot ga jelas ,harus imbangin dong biar sama uda ngeled mulu di kasih tim kaga jelas terus lacau game nya",2025-05-12 09:11:22
3f77ab4e-4505-4a95-9d45-31504c019336,Revalina Shifa,5,seruu!! bikin ketagihan,2025-05-12 09:10:57
628668f0-19c1-4016-a9b0-fceb31dd9cb3,Raziq Wandi,5,karena gamenya seru bisa berlima,2025-05-12 09:09:05
952a6585-09e4-4ca7-8668-2f395ad9e471,Agip Yulianto,1,"montoon tolong benarin jaringan leg,kadang lagi war jaringan ilang",2025-05-12 09:09:02
9c263a6b-42b7-4771-ac55-d6b88040c608,Hami Lais,1,bikin stress,2025-05-12 09:08:26
c24422dc-05e5-420d-9951-b8d1ac76c441,Faisal Zun,1,GAME KONTOOOOLL,2025-05-12 09:07:49
ab63ab97-7f4e-4729-b191-d2945373c23f,Edi Suriadi,1,banyak dark sistem mana tim musuh jago jago kalo satu bintang lagi mytich pasti ada drak sistem,2025-05-12 09:07:23
0c8416ab-dccd-44ee-ac24-25107556736a,Fatih & Family,5,seru,2025-05-12 09:05:39
2a2386fc-f35b-405f-8e4d-13b347610c43,Jofa Sumbawa133,5,seru,2025-05-12 09:05:26
8644caf2-2177-4cfb-9e22-41668bdcb85d,Kadek dwi Putra,5,game ini sangat memuaskan dan sangat seru untuk di mainkan 🙏🙏☺️☺️,2025-05-12 09:05:07
171cbb79-999a-4182-af55-d0b0c4ebcf19,Pengguna Google,1,kurang bijaksana..permainan kimboyy,2025-05-12 09:04:53
89bd8122-b3ee-463e-818f-8ee31f41de00,Infinix Hot40i,5,gem ini sangat saya sukai karena temenku bermain game online ini tapi gem ini sangat dahsyat yang pernah ada di Indonesia dengan tema meraih,2025-05-12 09:04:44
9da98ace-bede-4cca-a1dd-2bb37b673fce,JEN DRY,5,"mlBB,🇮🇩😈👾☠️😍🧛",2025-05-12 09:04:27
cd50f206-40e7-45d9-a460-b49eecb40666,Hyoka Yuta,1,banyak dark system,2025-05-12 09:04:18
d96a31f5-919c-43e2-9f72-30eec1cd8da9,Rizandi Saputra,1,selalu di kasi tim gak jelass,2025-05-12 09:02:44
45d71074-606b-4446-a9e6-37ce7c117144,Hafizh Sunni nur iman,5,kalo bisa GK di kasih fitur keredit skor🤔🤔,2025-05-12 09:02:03
3d90c5ad-886b-4d0e-a857-39aba8d0addf,Sandi Sandi,5,geme bikin stress dapat tim pokee,2025-05-12 09:00:25
f3bfe4ee-57f1-4e33-b884-9ca19381bbfe,Val Gaming,1,apa sih montoon game kompetitif tapi game nya malah bikin jengkel minimal kasih kemudahan lah game nya sekali ngerank musuh sekelas esport sampe gw dari mythic glory turun ke mythic romawi lagi. Tolong diperbaiki montood,2025-05-12 09:00:12
ed982440-cccc-47d4-a014-3384fb5974c4,Angle Qu,1,kntl lu buang aja dark sistem napa,2025-05-12 08:59:44
3be95bb0-bb9d-4e8e-b425-4f7ab7c8b1ec,Daffa Wildan,2,kasi lawan yang gag seimbang setiap main ketemu lawan jago tapi kalo kawan saya dapat tim bagus dan dapat lawan bot sekali kami Mabar same dia langsung kalah dapat lawan berat lagi macam ketemu imortal gimanasi monton masa pilih kasi 😭😭😭😭,2025-05-12 08:59:04
d939172c-92b4-4e84-9a37-2fb6195a4459,Fajar_tik 17,1,"dasar game jelek, gajelas banget ngasih tim, game tolol",2025-05-12 08:58:53
b58d1b05-f4c2-4016-b956-71fda3e7faea,Narni Brondong,1,banyak dark sistem suka lag musuh di kasih yg jago trus klo tim tolol tolol,2025-05-12 08:58:49
7e0daca0-4480-4fb4-b094-d55c6971929d,Bimantara,3,"Skrg jd ngframe parah, pdhl hp nggq panas, nggq main sambil ngcas, pdhl bru main 1match.",2025-05-12 08:57:02
80083f7b-7b46-4e49-9e68-07ddbcf403ed,Awal Reski,5,game yg sangat memuaskan,2025-05-12 08:56:59
86ded138-cf59-48e3-b6cd-7d9fb15a00fb,adindaramadhani 2,1,"lagi main malah gerak sendiri padahal jaringan bagus, coba relog malah loadingnya lama banget. mau masuk ke game lagi makah layar hitam doang",2025-05-12 08:56:41
7197be0f-766c-4f5a-98a8-edfee4bd9135,Muhammad Alikdauda,5,bagus,2025-05-12 08:56:22
226890c9-ae8d-46c2-b1f3-c779784e12a7,A Boy,1,"KEBANYAKAN AKUN JOKI,PAS DI MAININ SAMA ORANGNYA,MAINYA SAMA KAYA ORANG IDIOT!!! BUAT LU YANG SUKA JOKI, MENDINGAN GAK USAH MAIN LAGI KUNYUK,NYUSAHIN ORANG!!! INI TUH HARUSNYA BINTANG 0,BUKAN BINTANG 1..... KURANG KURANGIN DRAK SYSTEM MONTOOON,BUKAN BANYAKIN EVENT YANG GAK GUNA!! DAPET TIM KAYA BOT TERUS,SEDANGKAN LAWANNYA PRO!! PANTES BANYAK YANG PINDAH KE HOK!! no recommended,mending delete game mobile legend!!!,, percumah ada fitur coment tapi gak di perhatiin sama montoon!!!",2025-05-12 08:56:20
63ada5aa-2619-46aa-8e72-f5227f36762b,Alghi Farry,1,aku donlod ml gak bisa bukak,2025-05-12 08:55:55
be60a558-fe29-4aa4-80e5-a310969ffe62,Faiza Aprilia,5,seruuu,2025-05-12 08:55:39
b64c2cdb-f48e-49ea-b429-b1906d6f8c47,Elis Dewi Iswari,4,seru tapi main nya keroyokkan,2025-05-12 08:55:21
882784d0-675a-4ec4-974f-7e1ff97c0694,Tutik Handayani,5,bagus,2025-05-12 08:54:58
00988292-1d68-4b88-9b4a-3687be81bf90,Arsha Nanta,5,suka banget sama game ini.....,2025-05-12 08:54:54
982e65ec-45d6-407e-9d64-393a117c82b6,Attar Saputra,1,dikasi tim drak sistem Mulu,2025-05-12 08:53:13
e68e6b18-4127-4a62-ab2f-2603f40169ee,Moh Fauzi,2,Gameplay gamenya asik tapi kalo sudah masuk ke rank epic sampe honor dark sistem nya malah makin banyak jadi kalah tadi saya bermain hadeh dark sistem,2025-05-12 08:51:53
e42bfde8-4208-49e9-bf19-b169b55a9808,Arsenius Agung jamal,3,udah waktu nya pensi udah bisa main ml,2025-05-12 08:51:41
1638150c-e450-41e9-a1ed-8e84311ae9ff,M Rizki,3,"jaringan nya tolong di kondisi kan ya moonton, kadang suka tiba tiba lag 🙏🏼🙏🏼🗿😹",2025-05-12 08:51:33
b270687a-6322-4e22-9462-4d995d25cc26,Arju Ridho,1,ini gem buat kita setres bikin mental ancur karna kalah Mulu kalo buat gem kaya ff kalah ada pelindung gk kaya ml mvp tetep turun bintang gk kaya ff mvp gk turun bintang,2025-05-12 08:49:56
e419f661-67c6-4b4a-80db-5ca6a4e5d361,Andra Pratama,1,"makin update makin banyak juga bug nya malah sering ngeleg gajelas, ping gak stabil hancur dah pokoknya jadi malas main😬😬😬",2025-05-12 08:49:43
6ea6f72f-3845-4be4-9f49-4eed855cbe8e,Febi Crp,1,mlbb tolong di perbaiki game nya masa saya main sering sekali dapat tim beban dan sering defeat berturut turut,2025-05-12 08:49:13
8679d8d2-2632-453c-83a5-15cc62ffa0d8,Yya Nnak,1,ngeleg ngeleg padahal sinyal bagus,2025-05-12 08:48:40
9af2d6d5-a019-463a-a36b-e2bbc99ae3e2,Yasir Abdilah,1,jangan di download tar masuk barak militer sama ni game bikin stres baru login dah di bikin ls hampir 10 kali mending hapus aja soalnya ngerusak mental masa depan,2025-05-12 08:47:22
abb07010-4b3c-4e6e-ac88-4d8be68554ef,ember plastik,5,kan aku teh hijau,2025-05-12 08:47:10
f7f89f1e-e12f-478c-9acb-a164d313bb59,Musriatun,5,bgs bnget,2025-05-12 08:46:31
35c0e1a7-5bec-4b25-a3a2-85d15f6b9d1d,Abim Khan,1,"game nya gak adil di kasih player bot mulu , drak sistem , gua uninstal ini aplikasi kalau begini terus. kasih lah yg seimbang biar seru",2025-05-12 08:46:14
35a0478a-a413-4812-bb38-c1a76815a1e9,Zaki Zayyan,1,"setiap mau naik rank selalu dikasih tim yang ga niat main/ngetrol. disitu gw udh cape banget main serius eh dpet timnya minta ampun, tadi sampe lose streak 7x",2025-05-12 08:45:57
64467429-94a2-4442-a9cc-b1409e1ea950,Elpan Alfarhan,1,awalnya ga percaya ada dark sistem setelah gw main dan lose 7 kali baru percaya,2025-05-12 08:45:39
35f37ecf-aa5f-4bfd-a755-f817651db804,Byhky Fast,1,Selalu dapat tim tidak seimbang. game busuk,2025-05-12 08:44:11
14e8c86c-ba94-40f7-910a-bfe5cc0a477f,Naufal Kiandra,5,aku sampai dapat skin Naruto,2025-05-12 08:42:33
09610092-006c-43ec-84fa-c1a733a5d96c,Anggi Wahyu06,1,game rusak game tolol kebanyakan darksistem Bagusan honor of king,2025-05-12 08:42:15
27cf41d7-96e1-41e8-abcf-9d0cd468fe44,Jeyco Simanungkalit,5,"Sangat bagus, tapi mohon di kurangi penyimpanannya, tetapi grafiknya tetap bagus",2025-05-12 08:42:05
ce291026-caf0-44c6-b12e-d8ea0141841e,refan bima,5,SISTEM SELALU LEG DAN MATCH GAME NYA BANYAK DARK SISTEM !!!!! TERLALU BYK PERMAIANAN SISTEM SOAL KALAH MENANG UDAH DIATUR SISTEM !!!!,2025-05-12 08:41:56
17864acf-21c9-4789-b720-ae77f87627ae,Fitria Sari,5,keren,2025-05-12 08:41:52
9f7ecdf3-1245-489e-9c67-47945bd45e7b,Aezar Feriansyah,5,Sangat seru sekali 👍🏻👍🏻👍🏻👍🏻👍🏻,2025-05-12 08:38:37
3048b407-644f-439d-b210-0e68607426c3,Rudi Anto,5,bagus sakit sakit Hero ya pokoknya mantap dah lobiya bagus Hero ya bagus semua Hero ya pada sakit,2025-05-12 08:38:20
09887ba4-e50c-485a-b4c8-030267b32673,arya adiwena (Arya),1,parah matchmaking nya kacau dark sistem,2025-05-12 08:37:01
16966cb2-14f6-4bd9-8cb6-5bf69ae6e16d,Dela Salsabila,5,permainan nya bagus banget meski aga kesel tapi bagus banget,2025-05-12 08:36:52
a85bb4fc-6eaa-4f2c-a9c8-e87ce18b5834,Indah Sartika,5,👍,2025-05-12 08:36:25
48f87831-cb73-4465-8dd0-678370d0ba6d,Nazwa Hasna,5,seru,2025-05-12 08:36:19
d57c666e-0d6b-41e7-bd7c-ffc028de9d10,Anam Atmaja,1,game burik jelek,2025-05-12 08:35:23
0b669746-9a9b-4a32-99fc-44441851f1fb,Asa amna,5,bagus dan sekian narutoya gak ada obat bagus banget coba main nin deh seru banget,2025-05-12 08:34:41
9cb0c33b-b522-4149-9ce6-d7bd5e27c0af,Freya Memei,5,game terseru menurut ku...,2025-05-12 08:33:52
077d4272-3a8d-4017-8e92-dc4cd84c923b,Deva Satria,1,harap nerf hero freya sekarang!!gak ngotak bet nih hero harap nerflah monton,2025-05-12 08:30:52
8e45a908-51e6-4375-90cc-d395d7ffb7f4,Dewi Setiani,4,gemini sangat seru,2025-05-12 08:30:07
85db0080-948b-4f6b-bb97-cd0562763582,Lalu Firman,1,banyak dark sistem,2025-05-12 08:27:24
b281b93e-c153-42c5-88b5-6eb1d4b518f6,carpe diem,1,montoon tidak kasi saya mithik,2025-05-12 08:27:19
da583264-00a8-487c-9db5-45e8570be99a,Alfin Akbar,1,BANYAK PLAYER TOK SIK,2025-05-12 08:27:10
04a611a3-68f6-4136-a873-967e7ed53169,anwar Sugianto,1,aneh sekarang afk sekali turun kredit skornya 13,2025-05-12 08:27:06
8cee0b5c-638b-48c8-b4a9-57b629ee2032,akhmad sefulloh,1,game sampah,2025-05-12 08:26:48
36feefbe-f9cd-4677-b078-34ed3e6f128f,Siti Nur cholidah,1,dapat tim yang sangat tidak berpengalaman sehingga saya sering kalah(lose treak) mohon kasih tim yg sepadan lah montoon buat montoon: kamu sangat pilih kasih,2025-05-12 08:26:23
28c9d6ca-dadc-4b85-9fbf-9e8b26c2d407,Stok Ml,1,"Untuk game nya udh ok, kaya mengatur strategy. kekurangan nya DARK SISTEM ANJ, TOLONG DI FIX YA MONTOD",2025-05-12 08:25:29
289fe6b9-ea08-4ae9-ad07-9633842ab1fc,Ecin Suprihatin,1,heh monton sia tehh nya bikin urang ribet KA epik,2025-05-12 08:24:25
d1daf469-85b9-4dff-8857-023a31d1ab4a,Sationo Nono,3,"moonton wifi gw baik baik aja dan lancar tapi kok saat main malah ngeleg. padahal sinyal bagus tapi kok ngeleg ya ngelegnya lama bgt. tolong diperbaiki,saya kasih b3.🙏🏼",2025-05-12 08:24:07
f901d3d0-c73a-4dd0-859c-c7cf98bfb54b,M Rasyid,1,"moonton game nya tolong diperbaiki lagi yaa saya mau mytich tapi malah dikasih turun terus,terus pas mau mytich malah dikasih musuh yg jago jago tolong ya moonton",2025-05-12 08:24:07
43b4eb93-7eee-40ef-9b73-2bc514b56f01,Farhan Farhan,5,Monton kasih aku musuh yg bot bismillah,2025-05-12 08:23:46
ec50f170-5747-4327-83fb-df08460daaa7,ZoeL Channel,1,Sinyal kenceng tapi di game jumping,2025-05-12 08:21:32
5a6915b4-878a-4198-8a7f-344d69d8ceb6,Auliaazz08,1,masa kata nya mlbb koleb sama Naruto tapi aku palah GK bisa koleb sama Naruto GK bisa di update lagi,2025-05-12 08:20:01
64cb2bc0-3c74-4469-810e-7c7deaacb1e7,Icad Cadangan,5,game MOBA terbaik,2025-05-12 08:19:47
b793b123-95e9-4522-a237-d45d07299cb4,José Alexandre Franco Tilman,5,terbaik👍🏻,2025-05-12 08:19:33
5750d9f6-9e91-413f-bf0a-a8def62ca7ed,Ramlidjnggai Ramli,1,game ini sangat tidak berguana untuk dimmainkan karena naruto yang ada di game ini sangat diluar nalar masa naruto nya bisa brtarung dengan madara gaara sasuke dan sakura,2025-05-12 08:18:50
a9788496-4c0e-48ff-9fd3-d3f95d34d6b3,Alif Turu,4,gamenya bagus tapi kok punya ku datanya selalu hilang tolong di perbaiki kalau gini jadinya males main,2025-05-12 08:18:39
14c36999-6e4a-4ce7-bfbe-fbde18cd8347,Rìtsuca,1,ngasii tim yg bnrr lahh masa lawanny jago tim ny pokee terutama tank ak kasi b1 klo aku dapet ws50 aku kasi b5 make 5 akun,2025-05-12 08:18:22
ab095786-9841-4945-81ad-9459b67a5b15,Reza Ganteng,1,woiiiii kasih tim yang bener napaaa cok,2025-05-12 08:17:20
982aadf2-98a6-42df-b7b5-1f42a9b32a06,Danu Sadewa,5,"Saya sangan suka, tapi maaf kalo lancang layar nya di lebih HD lagi bisa sama skil, ulti mate nya di pertebal lagi",2025-05-12 08:14:45
574ac117-3a10-47ff-aab4-8c0460500e54,Dwi Rahayu,5,ya bagus,2025-05-12 08:13:52
e51d0363-46ba-4833-8d7a-b89a6fdef8a4,Rina Umayah,4,tim full drak sistem(kurangin dark sistem nya!!!),2025-05-12 08:13:23
bde6006b-38dd-481a-aeff-45b9ba4f1e22,Rizky Aja,1,game ap ini wl wl baikin sistem lu dulu ga usah sok Collab collab alay,2025-05-12 08:13:08
ea5de176-0d40-4002-9c37-98d9b3a731aa,Arkan Wibowo,1,"game aneh udah luangkan waktu buat main malah bikin stres,ngasih lawan ga seimbang Jing,lawannya jago tim nya troll",2025-05-12 08:12:59
3ec4cabd-4a63-41f9-a28d-53e6ba6cfe02,NadiraPutri Zahra,5,game nya seru tapi susah karena saya bot,2025-05-12 08:09:55
f5c56e47-5179-402e-bb3f-97ec6538058b,Akram nafis,1,Game aneh jelek dah botak botak sipit kacamata,2025-05-12 08:09:28
4c3aeff6-6ff0-4574-84d1-194b74984413,amir kadir,5,bagus bgt aku suka mainin gamenya,2025-05-12 08:08:59
d43c3f64-f631-472e-be1a-a6398258b210,Nafian Aan,5,bagusv,2025-05-12 08:08:46
6529d538-3d6c-4841-8014-3eb7f7ca9b87,David David,5,kasih saya vortorinya,2025-05-12 08:08:42
d600a668-d189-4373-9462-c6d30776c51c,ARLIN Arlin,5,bagus,2025-05-12 08:08:23
be8278cf-690a-48d7-b0c3-c36dcb6f9847,Mr Smile,1,tolong buat moontoon di costum jangan di buat ada in jeda di dalam game,2025-05-12 08:07:45
cc716116-c7a2-40bc-800d-f86b9e4a6599,Venancio L. Bau,5,"bagus sékali , the best",2025-05-12 08:06:37
e2f1c435-788d-4ec2-b74b-b228f99c1708,Nyoba Aja,2,gw lose streak🗿,2025-05-12 08:05:17
0a021a91-163f-4bd1-a5eb-79424a16aeb2,Rifaldipratama Rifaldipratama,5,keren sekin Naruto dan tidak burik tetapi gerpiknya Uda mau ke tapi untuk hp kentang gak bisa,2025-05-12 08:04:38
115d250e-37cf-467a-b20c-d410c7b799dc,Almahyra Shanum,5,game. nya sangat bagus tapi kalau ngeleg suka jalan sendiri,2025-05-12 08:03:54
9f4ae0a0-977d-48b4-8f42-4c4a0be8e447,aurlel putri,5,sangat bagus,2025-05-12 08:03:49
d085628b-6033-4d76-87b5-0d1717138e07,Muhammad Aljihad,1,game tolol,2025-05-12 08:02:34
95e5810e-e631-4b7e-887b-29784cfcd809,Rian27,1,B aja,2025-05-12 08:01:27
fe0cf1b4-e7ec-4f81-9834-0f7dc782a61b,Dimas Kimung,1,gem tolol masa main ngendok di legen terus dikasi derg sistem tim baby yang main ml harap di hapus Ajja kalo main dapat. dergsistem dari monton apa si mending honor of king lah,2025-05-12 08:01:05
c4a443bb-ced9-4eb5-9811-720888b331e2,Entin Maryantin,2,"apalah aku afk di classic aja kredit skor ny turun 10,mana naikin nya cuma 3x sehari,3x sehari pun naek nya cuma 1,gua harus maen 9 hari cuma gara gara afk di classic 1x,kan afk di classic ga ngurangin bintang orang,ya minimal jangan dibatas lah naikin kredit skor ny,,,,kalu yg lain ny bagus cuman masalah kredit skor aja,gw dah 2 Minggu naikin kredit skor ga bisa maen rank,",2025-05-12 08:00:46
17f2f0d8-12f0-45e6-9384-d4f4905c5d5e,Rifzki Fadillah,1,game tolol coba anda berikan tim yang bagus di mythic,2025-05-12 08:00:42
407bde86-51d9-482c-aa80-77255c6a726c,Alam Kadus,3,Geme nya bagus tapi tolong ya jaringan ya di sesuaikan dikit² geleg🙂,2025-05-12 08:00:02
98b0ca23-57d9-4976-8889-4709f7cc739f,Agung Tirtarahayu,1,geme palagiat,2025-05-12 07:59:45
5225b2e0-6612-437c-9009-c6bb37923b87,dika priyatna,5,suka banget sama gem nya,2025-05-12 07:58:32
74a88445-5750-4acc-9ddb-f2b7951e7e0e,Mustofa Laba,4,"baguus banget semoga yang bikin gamenya sehat, terus ya amiin, makasih",2025-05-12 07:58:17
353f3cb8-776d-4a0b-8dbc-7fb6482dfe5d,Neira Wieyanti,1,"game burik, dikit2 pelanggaran, baru main langsung dikasih kalah + gw lagi ngeleg HP matiin bentar dibilang afk nnti pelanggaran dan lain lain lah. gw gamau tau sih mending langsung turunin aja bintang nya. pindah ke game LAIN!",2025-05-12 07:58:14
02cdc462-a35c-49c7-9daa-649d076bf3a9,Dewi Ayu,5,suka ok,2025-05-12 07:58:13
10c8ea1a-76ec-46c3-af13-b1c68495e832,Khayla Sofirha,1,". game burik,game nya gak adil, dikasih tim egois+buta map, sedangkan tim musuh jago jago",2025-05-12 07:56:02
b36773ba-f314-4d88-abb3-e2c95e434e1f,Naufal Kusmana,1,SUDAH TIDAK RAMAH HP KENTANG‼️,2025-05-12 07:55:43
d2e24ec7-6e7c-4411-8467-feb318319fd6,LBK Rilljarrr,1,game ini jelek soalnya game nya nggak adil muauh di kasih global hebat kalok gw di kasih global bot padahal renk gw mytik,2025-05-12 07:55:12
e6420abc-2ff1-40c9-a78c-bdb73b56f099,Mang Ciem,5,Muntun tolong naikin honor aku dong aku main klasik pas dulu aj gk di naikin honor score nya:(,2025-05-12 07:54:57
5a4a318c-7a0f-411e-b17d-cc833c8b782b,Dhafitha Nur,1,"sebenernya tanpa kita sadar mobile legends telah menjadi bagian dari hidup kita seperti menjadi konten kreator,bisnis,dan banyak orang yang menemukan pasangan hidupnya saat bermain mobile legends atau sekedar meluangkan waktunya untuk bermain mobile legends dan sebenarnya lose secara berurutan itu hanya bagian kecil dari keseruanhan mobile legends tapi kadang kalo kita kalah kita itu sudah membahagiakan orang yang menjadi musuh kita karena sudah menang ENGGA rekomen banget deh sama game satu ini",2025-05-12 07:54:27
ba8b60b1-8cc3-40e1-94f6-02e3e3970ea6,Adec Simbolon,4,suka aja karna aku bosen main epep,2025-05-12 07:53:31
3ca6f393-cdf5-4ff0-8134-c5a1b7a10941,Sultan Fadhel,4,montod tololll gak di kasih winstreakk,2025-05-12 07:53:26
8d44fca5-45c0-484f-b653-a9398d9dff81,Elly Elly,5,"game nya enak banget tapi KLO ada dm lagi ,tambah enak",2025-05-12 07:52:47
68086662-c34c-4a33-a9df-59290bc97055,Ryuditya Ramadhan,5,keren 😍🤩🙂,2025-05-12 07:51:41
12aea060-6626-45f7-bf79-8196a7419222,Evan Dhika Putra,4,Permainannya seru,2025-05-12 07:51:15
579df8f7-2878-4c72-9777-e65f27fb729b,PakYan Spensas,1,GAME TOXIC,2025-05-12 07:51:05
a024f157-f322-4af2-8aa5-e6564dcb1749,Riski Fairuz,5,ini sangat bagus,2025-05-12 07:51:03
17bde653-816c-4c31-9aa3-2492147b37f9,vanuky uky,5,gamenya bagus tapi aku losetrek kadang kadang maka aku nggak suka sedikit,2025-05-12 07:50:40
e397c9c7-b365-4eac-b28c-827015002382,Morlin Sinaga,5,saya sangat senang apabila saya mendapat kan skin gratis dari mobile legend,2025-05-12 07:49:15
607e386f-09e1-4f8e-8ba7-3dce3523c1f5,Firman Firman lase,5,"ML semakin terdepan, saran turunin harga diamond ff aja bisa masa apk sebesar ini kagak bisa, satu lagi klw lagi war itu tolonglah jaringannya di stabilin, jangan tiba2 ngeleg tau taunya udah mati aja tu hero kan nyesek bnget, ok y moonton,, goodjoblah👍🏾",2025-05-12 07:48:36
db0e0220-b329-4d0d-a5e3-05eedc2f9b60,Surya Angga,3,Game nya bagus bangat tapi kenapa ya dapet teman public agak gak bisa main,2025-05-12 07:46:12
d019e492-d6d2-4d7e-a444-ce7550468d3d,Ryo Hardiandz,5,"nih game sangat antusias banget karna ada 128 Hero dan Collab sama Naruto, mantap boos 🗿👍",2025-05-12 07:46:09
024235d4-56da-4f96-a8c9-5ee71affb0ae,Fatir 28,5,Ml keren banget,2025-05-12 07:43:27
712040a1-4799-4b20-a135-7614b1d109f3,Satria Ranggala (Juna),1,sistem hitam,2025-05-12 07:41:20
a493afeb-88be-4a00-bdfd-47ba949f4d67,Anisa Agustin,1,mendingan jangan main mobile legend game burik tim gak sepadan mending hapus ajah ni mobile legends dawlad data nya banyak kalo hp kentang jangan coba-coba dawlad di game. bintang satu masa hero mm di kurangi hp nya sekali lagi jangan dawlad ini game. game ini hanya untuk hp mahal bukan kentang,2025-05-12 07:40:25
b3dc7d82-a7b6-4361-8e13-f2caf53376d5,GMZ Kipap,1,ini game ini udah rusak parahh jelek pantas dapat ranking 100 jelek parah masah iya pas kita udah mau kalah jaringan langsung bagus sedangkan gua pas lagi main jaringan merahh mulu apasih🤬🤬🤬🤬🤬🤬🤬🤬🤬🤬🤬🤬,2025-05-12 07:38:49
586be902-8e8d-4f6c-8644-e5063364c9cf,Cimeng Cimeng,5,oke bang enak ml ya,2025-05-12 07:37:57
d790c260-6f75-44cb-ad66-3a904ca058d2,Yanti Akirana,1,game hama,2025-05-12 07:33:27
7bd7fd4e-64da-4e76-af17-6663aa0bbfa6,Akun Dana dexs,5,keren,2025-05-12 07:31:59
43f92cd7-61e7-44c8-a1f4-4d048592ce9c,Heru Sitepu,5,wel played,2025-05-12 07:31:44
09293479-9092-4b06-bc60-54cce2f626b8,Rudi Guntara,2,"moonton PAYAH PILIH KASIH TEMEN GUA DAPET GUA GA,KELUARIN DONG PEMILIHAN ALL ROLE ,BIAR EXP ,GOLD MASING2 BIAR GA BANYAK DARK SISTEM MAINNYA JADI SERIUS",2025-05-12 07:31:22
8d6ba77f-0149-4a9f-b593-1f7ef6e57fc6,Fandi yani,1,sangatttt meresahkan karena gak bisa ganti akun 🐕 tolong ganti akun,2025-05-12 07:30:28
f98c72a9-f2e7-4dd2-828c-eaff5571ec35,FATTIH,5,saya menyukainya,2025-05-12 07:30:00
a646b25f-d3f1-4c4f-b13c-37c0155ec82b,Yeni Ni,5,game nya seru,2025-05-12 07:29:12
c2ee6d09-6044-47a5-af36-2805268a202a,Ade Alamsyah,1,makin kesini sistem mathcmaking makin parah untuk orang yg bermain solo semakin susah gatau lagi ton moonton,2025-05-12 07:28:29
43f0254a-e7ca-475b-beef-60455fd9067a,Fadil Rifki,4,bagus,2025-05-12 07:28:29
6f631584-58d5-4c55-a1b0-526f5cbed73e,Shatz 71,1,game nya asalnya baik baik saja tapi sekarang pas di draft pik speel nya itu suka ganti sendiri kadang kita suka ga sadar,2025-05-12 07:28:20
94e846ea-4996-4faa-bd95-c55dc2b000e1,Spaces Why?,1,woi moonton jangan mentang2 gw jago Lo ngasih tim gw kaga becus,2025-05-12 07:27:03
44045201-4132-40d2-abbe-332076cdbeaf,chanz kaynara,4,good makin kesini makin lag,2025-05-12 07:26:41
c22ed2ea-9515-4b1a-af90-13bf3b07bffe,POMBASTIS SITSABMOP,3,Garena tolong darsistemnya di kurangin ya soalnya gua sering lostrek setiap main ml,2025-05-12 07:26:07
35f45296-4b4b-4bb0-aabd-88171ddb4168,Angger Gilang,1,"youtuban lancar main ml ngelag, aneh",2025-05-12 07:24:51
a09350ce-128f-435a-9c20-5fe9ea93a042,Gadis Aja,5,seru banget,2025-05-12 07:24:28
39ab4502-3fbc-4da2-a7bf-8e4b2e8782e0,Indra Ja'far Maulana,2,kalah meluluk monton,2025-05-12 07:24:14
2f69a0ff-d627-455e-87c4-743d7210fba7,MyuEchi,5,bintang 5 untuk moonton udah kasih aku ws 😁,2025-05-12 07:22:54
0b09db2a-7467-44a3-8bb1-159bd3da6c5c,Herni,5,gem nya asikkk banget,2025-05-12 07:21:29
bd282d9d-21f1-412a-8c5f-f31a5d429408,Justin Justin,1,"tetap aja jaringan gw buruk, pas main ini game lagi padahal udah pake data+wifi lohh...",2025-05-12 07:20:51
b87b1dfc-359f-424d-b1cf-805145dc40f9,Rudi Alfianor,5,good game,2025-05-12 07:19:11
ca31aa09-bd1b-44f3-ae1a-8bd3592f1dc1,Dzeko Mahardika,5,game ini sangat bagus,2025-05-12 07:18:27
9000d23f-097d-4344-bbfc-2ea3694de21f,Zidan Modesadd,1,banyak orang bodo tolol sering ketemu orang cit gak bagus,2025-05-12 07:18:20
09721e73-bfc3-448b-a3bf-ef16525ec442,Gracela Alfani estiaji,5,seru bgt tapi kalo main rank harus pakek iman yg kuat dan persiapan build dulu sih sebenar nya jadi men temen jangan lupa donwload mlbb sekarang juga.,2025-05-12 07:18:07
8784a969-a9e4-4b92-ab72-585acc27dd16,Andi Firdaus,5,minnn tolong turunin untuk sepin sepin yg murah masa 10 kali sepin 1000dm mana mahal tup up nya minnn tolong yaaa minn diturunin 🙏🙏🙏🙏🙏,2025-05-12 07:16:52
4d96c20e-8f5e-4edf-9197-7b50ac1a9709,Isoh Geulis,5,coba aja deh gan ya Allah jika ya udah stop live la eteh harga dan spesifikasi,2025-05-12 07:15:45
3ca9b4ae-c9be-429d-a95b-5fed66e60cbd,YUSUF USUF,1,game sampah ajing GK pernah menang,2025-05-12 07:14:58
9a68491e-9b78-40db-95e7-b7c1a355653f,Suryati 56,5,seruuuu,2025-05-12 07:14:38
6b9840b3-62c3-4ad3-9c67-7504a4618e2a,ari let,1,gak pernah dapet tim yang bener,2025-05-12 07:13:19
15862bab-31d8-4420-b6fa-c5beb8d9628f,Rini Pujiastuti,5,"mantap mas moonton👍, udah game nya asik seru lagi, apalah itu nama nya defeat gak peduli, gua suka game nya udah itu Collab lagi sama Naruto kira kira besok Collab sama anime apalagi mas moonton, pokok nya bakal gua tunggu deh😁👍",2025-05-12 07:13:05
f954723b-5662-49ea-ab49-2770a5be5c3b,Ambulance MWC NU Candimulyo,5,sangat kecewaa aku pas main.. loss tric terusss apalagi rank... jadi turun legend 5 tolong jangan kasih loss tric montoonnn... tapi lumayan sihh....tapi montoon kasih aku win stirc montoon soalnya kalah terusss,2025-05-12 07:11:25
21fc28f9-1109-40bc-b769-ca2fd61f56e3,Hendrawati Hutagalung,5,ini game dapat menghilangkan stresss,2025-05-12 07:10:56
5450f030-a483-468c-868e-d366222c59d7,Patih Gajahmada978,2,gamenya aneh sinyal ijo tapi ngelek banget😡😡😡😡,2025-05-12 07:08:36
d81d041c-e71a-47fc-ba6f-1e50ce415dc4,Sekon Belon,4,banyakin skin gratis apalagi kalo skin kishin digratisin (membilang dengan nada lemah lembut),2025-05-12 07:07:34
d430fc6a-840b-4b2d-87b6-eb055a0c2647,Hadi Purnama,5,permainanya seru saya naik Reng terus,2025-05-12 07:07:28
6cb4b8bd-d34c-43fa-a315-33464476df3f,Pak gono Gono,5,baik tapi wifinya lemot,2025-05-12 07:06:44
08585556-b8d5-4a51-ae88-2c4f3db2326f,Ferry Ardiansyah,2,hebat sekali tim bagus jaringan lag giliran mau menang malah invalid luar biasa,2025-05-12 07:05:35
3c5e5778-28b2-413e-b393-e65f247c7495,nova Christian,1,Hapus aj ini game gajelas ketemu tim gaje,2025-05-12 07:03:17
542307b0-335a-4848-9cc8-cb5eedd1c351,Riz Ki,1,gem ya lama lama aneh mending hapus aj gem ya gas main ff PUBG efutbal oke,2025-05-12 07:00:41
74283e51-a1eb-4c1d-b6f3-c2601602ee30,Afif Khoiruddin,5,kasih aku menang,2025-05-12 06:57:47
a1c20c25-841d-4df8-9132-9b0d9dfbd738,Suradi Siswosumanto,4,kadang ngelag,2025-05-12 06:57:29
07749626-b002-4521-a2af-9c8e229353d6,Ikbal Wibu,5,Game moba paling terbaik menurut ku dari semua game moba lainya,2025-05-12 06:57:00
ae7ae17b-74b4-4177-bd57-d32c591eb027,Wahyu Or at a man.,5,Ml burik,2025-05-12 06:54:57
9e6a51d6-cfa5-42fb-b446-27c12364f22e,mahendrafito,1,tol0I ajg pilihin tim match masa 4 orang role mm semua mikir,2025-05-12 06:53:48
d6e975bd-8997-4da2-b6e4-77514f88cf71,Mikael Arcel,1,"game g jelas udh mau end kill udh banyak, malah kalah tim dari sistem",2025-05-12 06:53:15
1e97ec12-0113-4249-9980-cb3beb52325f,Bima Pratama,5,gemesnya bagus,2025-05-12 06:52:38
2bbc68be-eb0c-44a6-b638-8f7e8e43824b,Hendy crut Ciss ciss,5,geloooo ni game,2025-05-12 06:51:24
7238733d-7ba6-498c-91de-2bbed1da3260,Willy Iswanto,5,Karna tidak bisa di update,2025-05-12 06:50:13
6dbc1a7d-e215-47d3-a1ce-92ee751901e2,Safinatus Sehroh,5,bagus sekali seru gamenya game mobile legends bagus banget,2025-05-12 06:49:41
7470b7c9-2ad9-4599-b1d7-ccf13474a5a8,Vivo Felina,1,kalo mau naik rank selalu turun lagi bintangnya,2025-05-12 06:48:04
48530f79-c594-4fdb-81f6-2a802dcdd7c8,vann,5,bagussss gaada kekurangan sekali!,2025-05-12 06:46:09
a82b39d5-b08d-47da-9709-d5c1b2e0561c,Intan,4,"dimainin stres, kaga di mainin tambah stres",2025-05-12 06:46:01
6d414358-0c7e-4894-9722-562d12b570e8,Adinda Nabila Nuroktaviani,5,seruuuuuuuuu bettt cooooooooooooo,2025-05-12 06:44:09
bf915eef-c8fa-4f6f-9ba1-0d299c9df29c,Maulidah lida,1,"setiap main jaringanku selalu lag padahal buka tiktok dll lancar lancar aja, tapi setiap main ml selalu merah di atas 200 tolong di perbaiki",2025-05-12 06:43:35
04fbbf38-3112-4c48-9ca3-7ab31215530b,NotTheEntity Carmichael,1,dark system kebanyakan anj,2025-05-12 06:41:17
8588417e-e927-47ec-a67c-0e1c3de0df4f,Andrian Saputra,4,sebenarnya bagus tapi pembagian timnya ga adil,2025-05-12 06:41:05
97f900a6-d025-41c7-85d0-0f6f4255054b,Patimah haryati,5,game ini sangat bagus,2025-05-12 06:39:58
d2d86724-486f-4d7f-9882-34c856dd525e,Nara Putri,5,"Pihak moontoon !, GW HARGAIN KAMU TPI KLO MAU BUAT JANGAN YG MIRIP KAYAK EP EP KAYAK LAYANG LAYANG GW DI VT ORANG BILANG KAYAK GLIDER FF YA WOY ANYINK GW DI HUJAT HABIS HABIS SAN GW JUGA MAEN ML GW BILANG GITU SALAH KAH KAMU ITU KLO BUAT JANGAN ASAL ASALAN MALAH KAMI YG KENA HUJAT SALAH PLAYER SEKARANG PADA SONGONG BEBAN DRAKSISTEM BUKAN ERA DULU COK😡 klo mau tahu kenapa gw kasih bintang 5 itu karena ML sama FF itu game favorit ku",2025-05-12 06:38:59
2464e135-a524-4c23-ac2d-ecc3c7e03fc6,iki mombeb,5,aku suka main ml tapi gak punya sekin Miya padahal jago mau top plis kasi sekin satu aja aku senang plis🙏,2025-05-12 06:38:18
43767b70-5ceb-4c0c-8df6-fd0f4075a250,Allin Aryana,3,Bukannya starlight nya setiap hari di refres Tapi saya baru main dikit pas dilevel 53 mentok tiba-tiba katanya game berkembang kok bug nya ga diilangin,2025-05-12 06:35:55
2ebd7bef-94d7-43c3-a964-2e559378a99a,renan renan,2,gk bisa login,2025-05-12 06:34:35
4e8d5c73-9f5e-49ea-bf89-e81c2db420ea,Salman alfarizy faris.alfary,5,gamenya bagus aku suka bisa Mabar sama teman,2025-05-12 06:33:22
7b43277f-050d-43ff-a376-b3ab32b52ac7,Aisyah Syafiq,5,bagus tapi kadang kadang hp saya ingin meledak karena main ini mohon muntun grafik nya kecil dikit lagi,2025-05-12 06:32:48
9f083e6e-7041-4cf1-b286-e4d8a278ec82,Afrizal2946,1,"Capek Ajg Dapet Dark System Terus, Game Ini Bikin Emosi Mending Pindah Aja Ke Game Sebelah HOK",2025-05-12 06:31:34
bcb47cb8-0bca-4f8f-8998-7f629a07c92a,Alfarizi faiz Farkhani,1,meta kekinian tidak adil,2025-05-12 06:30:44
f9b9e873-cb22-4b4a-81d9-7a61782c80be,Toha Aliyah,5,sangat baik,2025-05-12 06:28:59
654084f6-1309-4c37-8e29-7dbe93f0d600,Muhammad Ridho,5,Game nya bagus kualitas nya juga bagus cuma setiap mau ke myctyc selalu tidak di kasih bintang - _+=,2025-05-12 06:27:25
c8391525-8bd7-4cfd-a7db-3441f61f210c,Hape Minus,5,game nya seru terus ada apdetan yang kedepannya lebih keren terus dapat banyak teman dari seluruh dunia event sekarang yaitu Naruto jg keren banget ya walaupun bikin marah ya gg MUNTUN bikin game kayak gini,2025-05-12 06:26:30
315c54ae-a434-4b77-83b4-75f6d0dbdac3,Gisel Pratama,5,game nya sangat bagus,2025-05-12 06:25:54
5042cb46-176c-4381-ba31-901194715e58,fauzi al akbar,3,good 😏👌😎,2025-05-12 06:25:16
8e0ca311-bea7-4ffb-82d7-2aa01366b83c,Selma Sella,5,seru banget,2025-05-12 06:23:31
944a3e5c-a8b5-4308-91f1-3f9748fcdd71,Firman Hendri riawan,5,game nya seru awal pun aku masih bocil,2025-05-12 06:23:10
e209d0aa-bd86-45b8-a9a4-f7e2bafdc99f,attar sikma,5,game nya seru dan banyak Hero,2025-05-12 06:22:59
686737ab-61ec-48bc-b843-0fc7f790a51f,haikal saputra,1,in kenapa ya ko akun ku hilang setelah main game in 😭,2025-05-12 06:21:24
4bc17fb1-832e-4737-93b7-f02abb955340,Sudirka Wayan,5,aku suka mobil legend,2025-05-12 06:20:16
bd6a0896-03ba-494f-abf8-b175c90387b4,Raditya 112 Adit,5,keren,2025-05-12 06:12:59
34d9f014-7a2b-441c-a993-ac06bea5f073,Tommy Alexander,5,sangat seru grafik bagus,2025-05-12 06:12:54
f601640e-44af-4904-b7e2-8df6aeaddec7,kang herman,5,Suka bnget gamenya,2025-05-12 06:12:11
27984479-523a-4c01-979a-8cd1f7afc9d1,Fahmi Ajjah Ajjah,5,mantappp,2025-05-12 06:11:37
c2832c59-99a1-480d-9404-dfbf957819c4,rindu Lumbabraja,5,game NY bgus dan setiap main aku mvp trs,2025-05-12 06:08:51
44641869-83a2-4335-abab-4a08924c46f0,Naufal Nawawi,4,"Gak afa kakasi diam aja tim tuju kembali,😂😂😂😂",2025-05-12 06:08:43
99539954-7b12-4e59-a1cc-d36f0311670e,muhlis junior,5,mainya bagus sekali99×,2025-05-12 06:05:20
740595c7-084b-427d-8075-14d56816baf3,Nita Alfino,1,game aneh saya kalah 10x berturut turut......MMR hero saya jadi turun Dari 6.111 ke 5927 mana keadilan permainan ini????,2025-05-12 06:04:57
3fe4ef24-9c44-4d43-a48d-3d49e285b43a,Ohim Jeger,4,bagus sekali,2025-05-12 06:03:46
bfce59ed-2085-46fb-bd30-855eb6224810,Rafa Akbar,5,seru,2025-05-12 06:03:06
0e294028-ed35-4c4c-9b18-b569e8ca6f33,Abidzar Algifary,5,game ini seru sekali,2025-05-12 06:01:07
13d94635-acef-479c-bd39-3f476369a6db,Gede rangga Pranata,1,game apaan ini terus dikasih tim trol mulu game burik emang,2025-05-12 06:00:17
e87f6c7b-535f-4f01-a7d5-db7643ea199e,Alfian Dedy,5,Apa kabar Montoon🖐️🖐️🖐️,2025-05-12 05:58:13
d3bb9f6a-a570-436e-9df1-f07292613b2c,Deslina Aja,5,saya sangat suka dengan gem mobile legends bang bang dan saya juga suka bermain Hero di mobile legends yaitu Hero YIN,2025-05-12 05:57:19
c009652a-2ba5-440e-ac4f-3b103a15046d,Azka Labib,3,kenapa sih moonton bikin event naruto bulan ini kan bulan ini saya ujian jadi saya tidak bisa menyelesaikan misi dari event skin gratis Garaa moonton,2025-05-12 05:56:33
0a092d2e-008f-4a55-835a-e445e4556969,Mugi yalaqholbin,3,game nya bagus tapi syang setiap kali aku spin event ngga ada hoki hoki nya moonton pelit bikin rungkad 😭😭😮‍💨😮‍💨,2025-05-12 05:53:35
287ba5dd-fde5-449a-870e-02b8e51bce1c,Khoerul Rifai,4,mantap gg gaming seru dan senang,2025-05-12 05:53:01
1c533199-1234-48bf-84ca-349e172e777f,Riyha P,5,sangat bagus,2025-05-12 05:52:40
dfa89a37-0e1e-4c88-8865-ca3a09e69ad4,Amin,1,bikin setres,2025-05-12 05:52:36
1e691d96-890f-4b7d-bf16-01805118e016,SUPRI RAHIM,3,"emang gamenya bagus heronya juga bagus, tapi ada 1 bug yang bikin saya sama teman saya kesel, pas pertandingan selsai kok malah balik lagi ke awal game itu gak adil dong padahal saya udah menangin gamenya, sekian itu saja bug yang saya sampaikan.",2025-05-12 05:49:46
32168c22-efea-490c-85f4-1977e4a859bd,Muhamad Adam,2,"saran aja si game ga jelas cape main di tier glory berasa maen di tier epic tim nyaa dh egois ga jelas ngetrol semua moonton tlong laa saran di perbaiki lagi laa kasian player solo ktemu tim ga jelas Mulu ngetrol ngefeed game play ga jelas tlong moonton buat player solo di pertimbangkan lgi ketemu tim nyaa itu aja si saran nya buat moonton KLO gni trus kelamaan bnyk yng pensi player solo,mksih udh denger keluh kesah sy",2025-05-12 05:47:52
4ca06d94-c0a9-462d-8923-04c6a0bbce50,Yefanya Nico,1,solo ketemu party mulu,2025-05-12 05:47:50
c859c283-d60b-4489-8091-9e62138bd3ec,Hana Darlis,1,game nya burik jaringan sering jelek di epic musuh nya udah pada pro,2025-05-12 05:47:26
31c16f9f-12eb-425e-af95-2a0005510efc,Ghufron la,2,"aplikasi yg buruk, masa iya saya bermain clasic pake nana spell cakar dikatain yatim",2025-05-12 05:47:00
838e75b9-3f1d-4ef2-99c5-dfeccc3bbe26,KEYLA Al-zahra,5,game nya seru bangett ya,2025-05-12 05:46:45
4a719232-30a7-4439-b8b2-35a9fb033001,Brian Brian,1,game apalah kalah mulu tim beban nggak bisa main 1 sampai 3 kali okelah lah setiap main mana honor nggak bisa naik udah nggak pernah afk lagi apalah cuma ketik buruk pelanggaran,2025-05-12 05:46:30
79be0b1a-93f0-4f0e-aa1f-4ea8dd95f660,•CINDY EDITZ•,1,"moonton tolong lah ubah balik tampilan grafik nya ,akunku dulu asalnya ada grafik ultra skrg udh gada ,padshal udh pake grafik tinggi juga tapi keliatamya kaya burem ,tolong moonton diperbaiki kembali🙏",2025-05-12 05:42:09
9c087e1a-6ac9-4db5-be4c-4e6e5e1dfb87,John Bedog,1,game rusak main solo dikasih dark system trus,2025-05-12 05:41:47
775a17da-140d-41fe-a81d-45796348c689,Dedii,4,GG sih tapi cepet kali tiap mach selalu memori penuh ff aj lama hemat update nanti lebih hemat lahh moonton memori gua sekarat,2025-05-12 05:38:22
15d2b347-93a2-492f-aede-1cada4b3c1a7,marvell jenii,1,apalah data udah full gabisa atur interface hadeh....dibenerin lagi yaa...,2025-05-12 05:33:44
e0027a14-a5cc-4db4-8a14-0aa5884a6f56,Muhammad Rizky,1,ini permainan tolol+stres teruss ml b1,2025-05-12 05:31:32
c22f8741-cfa7-4072-977d-8e7d9b155642,Ahmad Naufal,5,teruslah berkolaborasi dengan anime,2025-05-12 05:28:11
f6fc23d6-57ae-4ea2-9564-4246842442e7,suyatna gaple,1,games tolol,2025-05-12 05:27:59
9cd5cb4d-73ec-4e58-828b-479675b0ccd6,Lia Darlia,1,dapetnya tim beban semua,2025-05-12 05:23:53
5b84f4a5-9dc5-4ffb-8276-f140f743aefd,rizz gaming,1,tidak rekomendasi,2025-05-12 05:17:42
248ebba3-6069-44a5-bdfd-55e3de6a16bc,Pesces 05,2,"Monoton kenapa Box Gaca Starlight susah beener gk kaya dulu, dulu gk sampe 300 DM udah dapet, saya buka box itu pingin dapet harga murah, saya ini jarang top up monoton, saya topup ini karna Fase 1 Naruto, ini saya lagi nyicil buka box karna, klo beli starlight udah nanggung banget, tolong buat monoton drop rate nya.",2025-05-12 05:12:36
ed0a4540-5140-488d-984b-eaffb2f5504a,Endit Yusuf,1,"parah, sering bget dapet musuh ga seimbang, lebih op musuh, dapet tim random bnget, kalo mau naik tier mesti dapet yg sulit2, entah mantan glory apa imortal",2025-05-12 05:12:31
2e5f3b51-f3cc-47a1-b3d9-4f2da76fd83b,Ello Wakid,1,game nya jelek banget masak kan aku perbarui kan terus kan abis aku perbarui kan map nya kan naruto sama bisa mode offline terus kan hp ku panas aku dingin kan kan terus aku hapus dari histori pemakai an aplikasi terus abis aku dingin kan masak loh map nya udah ganti jadi biasa terus mode offline nya gak bisa di buka,2025-05-12 05:08:55
255f4471-e07c-4e1b-86a8-4f563670be7d,Tasya Naela,5,krna bagus bngt game nya,2025-05-12 05:07:53
f5bdadef-b83e-43e5-9bac-8d3bf4cfcb2a,Gilberth G1be,5,saat bagus kok,2025-05-12 05:00:37
3a6d209a-377d-4a61-8e1e-efc294d63132,Ibnu Abbas,3,"akhir akhir ini saya merasakan lag dan dapet musuh aneh kenapa yah? tiba tiba ping secara ga langsung ga pernah bagus tapi jaringan kuat, di tambah lagi musuh pun aneh terkadang jalan sendiri terkadang juga diem. tolong di perbaiki dong",2025-05-12 04:55:23
5d50fb22-064b-4ae6-b978-dab7146b383d,Glenn Aurelio Sattu,1,monton tolong nontonn knp makin hari jaringan ku jumping terus padahal aku ngecek jaringan bagus² ajaa tolong montonn hilangkan bug jaringan niiii sangat meresahkan sekali,2025-05-12 04:54:49
ac1400f6-0f46-49b7-8a44-94988121123b,Op Oppo,5,sangat bagus,2025-05-12 04:52:33
8fcb352c-bc6f-4a03-b54b-e5f8bd1e21eb,Sandi Bacot,5,sangat menghibur,2025-05-12 04:46:08
a6fd3a9d-6121-482e-b87c-621d0c4d1ca9,revaldi 006,1,Game tlol bngsd,2025-05-12 04:44:06
434d9efe-9919-4fc8-a53c-2b797240b483,Masaji Putra pratama,1,Malah Makin Parah Game Sampah Game Sampah Game Sampah,2025-05-12 04:41:39
c2bd6ad6-9bc0-4b8d-88f3-296661295f0d,Epic Abadi,5,lumayan tapi kasih lawan yg sepadan,2025-05-12 04:41:27
0f5e3b40-de6e-450e-9dfd-66046c7f4009,sanusi febriansyah,1,Game Burik,2025-05-12 04:36:40
0d473794-d3b5-4fc7-b789-86e2dca30112,Eulis Junianti,1,game apasih dajal,2025-05-12 04:36:11
02eb01a8-b1f1-47ee-aabb-c5409f4e6e74,Kaaa.,1,GAME GA JELAS PERUSAK PSIKIS GAME RUSAK INI TIM GA JELAS BUAT EMOSI AJA!!,2025-05-12 04:35:55
955a5a04-22d4-4bee-92e9-249093b4f034,Lusi Lusi,4,"seruu banget, ini cocok buat ngilang in yang bisa bikin gabut",2025-05-12 04:31:36
ac7064b9-2193-4ec7-9902-0256521c7b92,Wiwi Hadikusdarti,1,cuma gra gra ini game gw bisa seneng seru nya wajib jangan didownloadd,2025-05-12 04:31:21
3bd82f17-2838-4c6b-9d1c-c4ebcb3b90c4,deni Pribadi,5,bagus,2025-05-12 04:29:57
7ee4e1bf-1428-43fa-ac55-d5439b733dd4,Moonton Bakbi,1,gak usah di Download bikin stress,2025-05-12 04:27:32
99a02798-08ee-43d0-a063-eabd2507966b,Dimas Ardie,1,baru season ini mantan imo di stuck di mytic 10 game rusak matckmaking merugikan no recommended game pindah gamee saran buat pendatang baru game rusak !!!!,2025-05-12 04:27:16
82b46f75-bdfc-427b-b7a8-ff779d5d079a,Evelinee yn,5,tolong ya perbaiki jaringanya,2025-05-12 04:26:01
c4ea3ea7-0b5f-43d6-8d03-784aa3a6e793,Bibit Lestari,1,tolong diperbaiki game nya kalo udah mau mytic kurang 1 bintang lagi susah naiknya,2025-05-12 04:22:40
b52e5a76-a1ae-4365-b2ec-117bb0ab757b,Diar Sajja,5,gem yang sangat bagus,2025-05-12 04:18:12
d4818457-7d20-4567-8aca-54aa09cfe855,Wayan Gledi,5,sangat bagus,2025-05-12 04:10:18
e349c3b7-d305-4724-9d59-cb308dbe41d3,Iis Istiqomah,5,Aku suka game nya dari segi grafik udah bagus tapi tolong kepada developer montoon Setiap saya main nge frezee game nya🙏🙏,2025-05-12 04:09:47
707e95d1-56b0-4b83-9d5e-d241ff7d13ec,Yofi Parera,1,game yang sangat tidak di sarankan karena dari kemaren saya dapet tim drak sistem mohon Moonton hapus game ini sangat meresahkan,2025-05-12 04:05:42
f95004a4-8ad6-4111-821e-116ae622d1c0,Adi Saputra,2,"game nya di perbaiki ketika sola rank dapat tim yang sesuai dengan lawan nya jangan ketika solo malah lawan lebih kuat dari pada tim solo, ini di perbaiki jaringan yang sering lag ketika di dalam game untuk solo rank di perbaiki lawan yang setimpal",2025-05-12 04:02:55
2e9a9599-9b69-40c1-8104-2812fbd992d7,Uchihaasep,1,game gabagus,2025-05-12 03:56:31
cb905295-d061-4ba4-b56f-8c4c75dd9e6c,Faya Locasawa,1,"Role Support TIDAK BERGUNA. Tolong diganti jadi Tank atau hapus saja. Sangat merusak keseimbangan Game Play di Late Game. Membuat Tim jadi mudah remuk dan kena comeback. Late game kalo tank gak ada (adanya support), kemungkinan menang lebih kecil.",2025-05-12 03:56:28
3f3c88ca-55b3-49ef-872e-56e0aa410cc7,Muhammad Fauzan Azim,1,broken game,2025-05-12 03:56:04
1d2315f1-b417-4726-bfa8-4de9eab71f2f,Rika Sari,5,geam nya menyenangkan,2025-05-12 03:52:55
fc15ecba-1631-4244-9a66-04a2d4a712e1,ramzy gaming,1,"game jelek,main harus berlima wkwkw,main solo mah kalah mulu dari wr 77% ke 60% itu ga wajar kalah mulu,niatnya main buat seru seruan malah stres gara gara kalah mulu",2025-05-12 03:52:26
17a0fbf6-4e2c-4bdb-adaa-829f4c1d44a6,Yayan Gunawan,2,merusak anak bangsa,2025-05-12 03:44:22
1c51f350-4277-44ce-9315-01e813af254f,Burhan Udin,2,game gak jelas,2025-05-12 03:44:12
fa7b567f-2708-4aa9-80b0-03c5483b4a16,Ilham Setiyawan,1,game has beraktn,2025-05-12 03:33:56
2ae1acb6-b230-42cb-b70f-5de44000401c,Ifan Zainalarief,1,apalah game ini bikin pusing doang,2025-05-12 03:33:16
58bd768f-f647-4b52-b4a2-543aeea909e6,sansan dus,1,"Tolong berhentikan event atau turnament di negara malaysia,player Malaysia rata rata nuub dan darksistem",2025-05-12 03:29:28
a21562eb-5d3e-4d13-86bb-be2c2d8cfce4,Ferdiaman Mend,1,moonton kasih musuh jangan yg hebat²,2025-05-12 03:27:18
c142713e-39ca-4d61-8676-9c784e7da277,Ba Yex,1,"Lama2 gak mutu gamenya..Masak cuma dipelatihan AI bisa surend kn jelas2 itu cm buat latihan,pdhl tmn+lawannya komputer semua,,kok bisa2nya surend???!!ANEH.",2025-05-12 03:24:31
e0ad291d-d80a-4230-b7ef-d288da55c4da,Taim Jr,1,"gua main brpajam gk naik"" an game ko*",2025-05-12 03:23:25
64d3ca97-6072-49ae-9667-1435512580ea,adityudha,1,masa game adanya kalah doang menangnya kaga,2025-05-12 03:22:06
e34d6fbe-e239-4689-8b19-ef16fe521c02,Didi Riyadi,1,"game aneh, gk adil bet ngasih tim kebagi darksistemnya mulu.",2025-05-12 03:13:49
1a7c1e0e-50b5-4e92-a9e3-590ba146a457,Ndraa,1,game rusak,2025-05-12 03:11:23
35f50c36-eacc-4ee4-9131-7ac6b3b2a1b5,Fan Cebonk,1,Tolong Akun yang login lewat fb atau email apa aja bisa gak tanpa verifikasi soalnya mau login lewat fb harus kode verifikasi kalo lewat fb harusnya kodenya juga dari FB gtu tolong perbaiki gara2 ganti perangkat harus minta kode verifikas banyak yang lupa email atau apa jadi mohon di permudah login nya,2025-05-12 03:11:00
27651a96-134d-44cd-89a4-1f359826069b,KHAIRUL HUDA,1,dapat tim draksistem mulu hadeh,2025-05-12 03:10:21
25feb04c-e382-4f19-b8b2-4410605e5dd5,Amin Bangor,4,monton kalau ngasih teman yang setara bukan di kasih tmn boot,2025-05-12 02:57:20
7f73d601-ada2-4fb9-9cbf-39adb2aaee1b,Nur Rohman,1,main ML niat nya buat ngilangin stress malah tambah setres .. tear mhytic honor pas main solo di satuin sama lagend aneh . kalian ada ga yang main solo di tear mhytic ke atas bisa satu room sama lagend/efic?,2025-05-12 02:56:19
781b1fc2-0d3a-4e74-a164-cf45e8049822,Nurdin 06,5,bagus sekali,2025-05-12 02:54:28
f3699600-bad1-4b75-a8af-66cbee912744,Heunceut Pink,1,"game ini di rusak system matchmaking itu sendiri, solo rank 1 vs 5, ini game dengan system yg dungu",2025-05-12 02:49:24
6a2a3aa8-2908-4d1b-b3b0-4c5167899463,Jumadi Tanjungsari,2,gamenya bagus tapi kadang nggak adil kata bang windah hapus aja ketemu musuh sulit banget dan tim gua nggak ada yang bisa main tolong muntun gamenya diperbaiki jangan asal nemuin player pro padalah gua masih lagend tolong muntoon,2025-05-12 02:49:18
4c1291af-7c73-4fe2-bdc7-972035d73a3d,Rivaldy Runtu,5,game seru buat dimainkan,2025-05-12 02:49:02
b06f9022-10b3-4da3-96e5-1f3003ef8194,service Service,5,good,2025-05-12 02:48:07
991c9696-8529-4585-b79b-e83ac9fc7973,Supriatno,2,makasih ya moonton aku lose streak Stress main Ketemu tim dari system aku pensi dulu bye uninstal ml pasti main lagi tapi gak tahu kapan Makasih event bagus cuma mau ambil rehat game Dari ML 🤝🥰,2025-05-12 02:45:46
b23939c4-7483-4ea0-9931-242d161100cb,Pedro William,1,Keseluruhan game sangat bagus Moonton. kalau bisa adakan fitur hapus player cewek. Sangat meresahkan.,2025-05-12 02:41:33
17bdbca2-d0cf-40c6-a25d-33680328bd94,Ahidd,1,GAME BIKIN ORANG STRESS,2025-05-12 02:40:38
84288653-bc2a-4b7b-83b9-a00c9fa1cfdd,Muhammad Wahyuda,1,game dungu setiap mau naik peringkat selalu ketemu player poke tolol tolol,2025-05-12 02:36:18
07e94fe1-f3ae-44a2-b91d-dad0dba43f77,Muhammad Afandi,5,Ok coy,2025-05-12 02:36:15
a672ec42-1647-4f42-ba70-1c9a2726c358,Nabil Ramadhan Nugraha,1,Saya pensi karena ram gweh 3gb,2025-05-12 02:34:49
80e923ca-d5b1-4194-8957-bd95aebd0365,karlos Los,1,game stresssssss,2025-05-12 02:34:48
8db8f420-a4e3-467b-89fd-c955b7ffc11d,GMMC MV,4,For gem shop and fragment shop it is better to update frequently,2025-05-12 02:34:16
2b4fd8b7-29c1-46b4-a8c4-d6747de0b3bd,Wiwin Ajah,1,game ga jelas match making ga adil banget,2025-05-12 02:31:15
d621fb57-a8bc-4f48-824b-10b81f6259c9,Ara Ara,1,banyak dark sistem drpd stres gausah main,2025-05-12 02:29:16
102fda7c-5d33-46de-9386-1421cd541595,Yonzz _31,5,seruuu bingiiittt,2025-05-12 02:28:37
449d22ba-ca84-46a8-8406-25c9801f7e9f,Maulana Yusuf,5,ok,2025-05-12 02:16:55
5c7896fc-161f-4922-89ba-05616b02ca92,Fikry Norabdillah,1,banyak draksiaitem dan banyak yang trol,2025-05-12 02:15:40
b902f1e3-84d9-42d4-88c7-ec3c92739153,Repann kelass,3,"OII MOOTON KAPAN RESALE LING STAR, PUQIMAKK LAH DAH NUNGGU SAMPE LUMUTAN",2025-05-12 02:13:02
0a640ca5-74c4-43a0-a299-661cf02dda13,Tomy Rafael,1,"kurangin bug nya dong moonton,saat mencari pertandingan saya spin skin Naruto dan di animasi dapet skin Sasuke,saat di draft pick malah ga ada kecewa berat di php in game tercinta🥲",2025-05-12 02:11:18
65b471ce-dd34-4933-b952-1034069188c8,Riswanto Tato,1,"Mending di game sebelah tim ma musuh keahlian pemain sama dari pada di game ini ga se imbang banyak drak sistem banyak player trol dari mooton jadi main rank bukan nya naik mlh turun lose 4 kali win 1 kali kebanyakan player dark sistem , setiap main ada afk,2 match dpt player afk terus sama drak sistem,gw hapus dari pada main dpt anomali terus bikin stress,ntah lu mau Collab sama Anim kek ma slot ke ma pesawat bodo amat ,gw ga tertarik,selagi ada drak sistem sorry ga minat mending hapus aja nih.",2025-05-12 02:10:29
e51bdc61-064a-4116-a156-f73987308ade,Temi Akbar,5,ok game nya,2025-05-12 02:09:35
419d4461-7784-407a-921a-08201af811b3,Herwan Sutandi PolPP,1,dapat temen lawak semua..nggak adil,2025-05-12 02:07:36
9c3e201c-ad64-44eb-a18a-a6fd8443f9aa,Dendra Arizqy,1,sistem matchmaking yg smph,2025-05-12 02:05:30
530d80e0-f467-478b-9368-f0ca86cf407c,Isanmmuhamad,2,apalah selalu dapat tim busuk mulu😐,2025-05-12 02:05:22
6992f768-3259-44f9-9074-e260c7734043,Bambang Triwaluyo,1,perbaiki bugnya capek abis kuota udah download data semua Hero masih bug bulat,2025-05-12 02:02:12
09ee38b0-6b6d-46dd-b04b-001c1736f80f,Romean 47,1,game tolol ..kawan sama lawan ngk sesuai,2025-05-12 02:01:10
42cc3d61-cfc0-4c2c-aaab-87208cb03522,Herlambang,1,game haram,2025-05-12 01:57:44
f112154e-d2a5-4599-8a1c-127d914ffc66,Muhamad Jaelani,2,lawannya bot pada main curang belum fix bug sering jumping terpaksa unistall,2025-05-12 01:57:19
ac1f384f-4de1-430e-b7c5-401ea6abbe6b,Iyal riyal,1,"monnton lol, sy main solo. slalu dpt teman yg baru main ML. dasar lol monton, sy uninstal",2025-05-12 01:56:50
d9f9b642-7e37-45bd-b833-96bf1e8c6a80,m samsul arief,1,Game Rusak! Update bukannya makin lancar malah makin lag in Game-nya.,2025-05-12 01:54:13
4525b3ac-cea0-42fa-b738-149a9cb7ff47,Ilyas Djafar Ilyas Djafar,5,game no 1,2025-05-12 01:51:36
6d533f55-3332-423c-9add-fd3be25fabd9,Abdi Anto,1,hero banyak yg tk jelas,2025-05-12 01:49:01
cda721bd-21a7-443b-b2a0-cd1d4a9b2b26,Ahmad Zakaria,1,"gak ngotak cok,tim sama musuh gak seimbang apalah",2025-05-12 01:46:01
11afa37d-4634-413e-ad21-46406bae1e41,Fajar Amru Amru,1,jangan download gema ini karena kalo dapet tim drak sistem semua,2025-05-12 01:45:06
3d2c950d-0a97-4e29-9ad0-57535ab2404e,Dirly Ajxx,1,bnyk draksistem,2025-05-12 01:44:13
551c7d9d-8cad-4e59-a454-0d0fb866f7a3,galau berat,1,player pada egois juga kadang walau rank tinggi temen kita di temuin yang rank rendah ga bisa main dan masalah jaringan kadang ngelag banget,2025-05-12 01:41:57
92a8cac0-5269-458b-9966-f7a9c842e139,Hamdan Awwab,5,game ini sangat seru lebih seru dari hok dan ff,2025-05-12 01:41:28
84e68fff-ec75-43fc-bdc4-16ec3f17d209,Delis Tia,5,sangat bagus,2025-05-12 01:38:57
a90a4ccf-2679-4736-9857-4ee33e454c11,Enum Muhayat,1,Game Rusak,2025-05-12 01:34:31
882b0fab-13eb-410d-af58-84642678f98b,Riyono Asnan,5,Josss,2025-05-12 01:33:11
e8394184-9924-4f08-a6f2-eb11f7435bdc,Morgan Smith,2,game busuk. matchmaking busuk. jaringan lag mulu,2025-05-12 01:32:46
c5d7e815-9ec0-4acb-a77e-b5f501d856e2,Muhammad Hafidz Shidqi,1,"game apaan coba ngasih tim gk benar, adil dikit napa egois, mending pindah game sebelah, ini apaan coba ngasih tim aja gak becus, tambah lagi ngasih lose yang ngotak lah lu ngasih tim yg benar, adil adil dari mana, udah lose 18 kali ini , lu kira adil gitu, adil dari mana, lawak, gk usah di dwonload",2025-05-12 01:31:20
9d1f4367-5705-4442-8c5a-db910a237706,erwin sanjaya,1,match nya ga seimbang,2025-05-12 01:31:19
a8c10482-4d42-41f4-9ed5-20985e620b43,Johan Yah,1,jujur agak kecewa sama game ini. padahal gue main murni ko di band alasan band karna cheat .serius gue ga pernah makek Chet apapun monton .gue cuma makek scrip skin dowang .emang nya ngerugiin player lain ya.gue scrip skin ya Karan gue ga mampu beli skin .makanya gue makek scrip skin gue juga mau monton ngerasain punya skin bagus meskipun cuman gue doang yang bisa liat ga papa itu cara agar gue semangat main gitu loh .udah lah MLS main game ini mending pensi aja 🥹,2025-05-12 01:29:41
91cb1a6c-310e-423f-8a97-6aab3ad8283a,Yopi Vivo,5,keren lah pokok nya ini game,2025-05-12 01:28:26
2261280f-8192-4f53-957a-900564379e7b,Maulana Putra,1,game burik tolol,2025-05-12 01:25:02
c9ec8d09-238d-4e5b-af8e-3abbb970a6e0,Faqih Faqih Ayman althaff,5,gem bagus tapi tidak untuk di maiankan di hp kentang,2025-05-12 01:18:52
b4a444ad-51b4-47da-8afd-9381ad054f46,Tangkit Laman,1,ML aku uninstall karna mengasih tim dan musuh ga sepadan,2025-05-12 01:16:59
077661b6-edc7-4282-8fe0-1679077f45b4,pongo minta,1,"montoon tolong macthmaking nya di perbaiki,saya kalah 6 kali,saya bermain di rank glory saja bisa kena berjumpa rank dibawah saya",2025-05-12 01:16:41
89fbd44e-f908-445e-82a2-d514a080b7c1,Karjangeming Karjan,1,gajelas sinyal bagus tapi waktu di game malah leg parah gajelas gajelas,2025-05-12 01:14:54
95484935-a874-4564-8939-99cf75ef6d92,Nur Kholis Fauzi,5,GOOD,2025-05-12 01:14:50
cc3c196c-516f-4b22-86e8-4a5b1de41e6f,Roeby Obi,1,top up nyicil magice wheels ...biar dapat magice core..kadang sampe 11 kali gaca ngak juga mucul magice core ..udalh 5 cuma dapat..luar biasa ..apalagi gaca starlight sampe 100 kali pun tak dapat ..lama tinggal kan game ini ..pindah ke game sebelah ..,2025-05-12 01:10:04
b9e3c16d-606d-46e9-b487-dd8e56069b8e,Rangga Narendra,1,selalu aja di trolll lostrek mantap,2025-05-12 01:07:11
d0c11a41-2c58-41b3-bb24-aeb7daa82f34,Sulistyo Tri Wibowo,4,Lumayan untuk hiburan,2025-05-12 01:04:28
a08764dc-7a60-4c58-819e-dd84f5fc324d,Tegar Saputra,1,tolong lah di perbaiki dalam kasih tim monton,2025-05-12 01:03:41
8bdc1322-d3eb-4aef-9c09-559cf5c03dad,Eva Marlis,5,Game ini keren mtp,2025-05-12 01:03:36
c3fd77a2-3515-43bf-875e-dd088bf62bad,Arb Production,1,hai moonton... tolonglah dari segi lawan dan tim kenpa tidak seimbang sama sekali... masak losestreak 7x...,2025-05-12 01:01:38
a5a039fe-4599-4ecf-9787-217b33fc32e2,20-135 Bastian Sitohang,1,"Tolonglah moonton, setiap aku maen rank always dapat tim darksistem gk seimbang teruss sampek LS berkali² loh, kukasih bintang satu dahh pemilihan tim gk seimbangg",2025-05-12 00:58:42
ea5dba4e-6938-4a60-a25d-d4374e0231cf,Irwan Adi nugraha,1,sinyall bagusss tpii leg lol,2025-05-12 00:56:21
a0294b83-5797-442e-9dae-490ad8d93ed7,Bian Izz Zafri,1,game gaje ngasih tim gak pernah adil,2025-05-12 00:50:24
1f885d4b-26d9-4af4-9979-407eab376f5d,Bayu Danny,1,"sorry edit bintang 1 , minimal ngasi team yang bener lawak kali dikasih nya team yang poke, sering kalah, afk dah lah muntud buang buang waktu",2025-05-12 00:50:12
74e66c0f-8ac0-417b-a01d-72bbf177ceb5,story F,3,"Game haram,gak guna gameny, jaringan lag banget",2025-05-12 00:50:03
51f96822-cd3e-415a-8ed6-c2f74c6d23a3,Kian Wahyudi,5,kasih skin Naruto lah moonton😌,2025-05-12 00:49:18
2adde854-262d-4a59-b5c7-12a38fe6d56b,Ardi Ansyah,1,orang orang yang tidak ramah,2025-05-12 00:49:02
865c27c4-6826-4b61-8527-c535c6d787b6,MasBro Uyee,1,Mobile Legends gak bisa dibuka. Stuck di awal gak masuk masuk. Di ulangi beberapa kali tetap tidak bisa masuk. Hadeehhh,2025-05-12 00:48:28
9ac33118-2491-4a11-b3cc-463cbeafbf43,Ahmad Hulaimi,4,geme nya seru dan menarik apa lagi bisa colab sama Naruto makin tambah suka aku mainkan nya,2025-05-12 00:47:02
f6180785-eeec-455d-9389-f0ba06f88672,Ardhika,1,"game rusak, matchmaking ga jelas. udah dikasih feedback matchmaking malah lebih parah.",2025-05-12 00:46:53
8de2f009-8595-47fb-838c-ea2c8da6517b,Arnoldus Anjar,4,sebenernya gamenya tuh dah bagus tapi setiap main masa sama tim yang ga bener padahal dah main serius malah dapet tim ampas. tolonglah kasih tim yang agak mendingan masa dapet tim sama yang unik unik,2025-05-12 00:46:07
b2547b87-3e92-4967-bded-efd14675374c,Cah Solo,1,"main solo main partian di kasihnya dark system terus,,,udah mau ganti season masih mentok di legend terus parah,,,padahal mvp terus,,,tolong yg sportif monton",2025-05-12 00:45:56
050dc526-eb5d-4da1-8489-b46c6466bea1,Hamdan nasruloh27,1,gua susah dapet skin,2025-05-12 00:44:16
70a51c17-6e5f-4602-8ef2-6b04ef4a770b,Riskiy Aditiya,5,mnta Bono's nya DM,2025-05-12 00:43:40
de469a13-2862-410e-9de8-e8fc4156541a,Ajung Kurnia,1,"Dark system algorithm is real, whenever ""dark system"" player violated a rule they don't get the punishment eventhough we reported them. But it doesn't work vice versa",2025-05-12 00:42:02
a07a7d1c-db66-48bd-bd03-55f1bb0809dd,The Kondex,5,perfect,2025-05-12 00:40:41
15c02627-d95d-4a38-816a-408f4668f7f8,Rendi,5,terbaik,2025-05-12 00:40:02
0cb8d713-a8c8-4662-a168-4469109b057b,zf23 br,1,"game aneh maen solo kebanyakan menang 1x seterusnya loss, dapet tim pada egois, gk bisa maen, pick ngasal suka gk ngotak, ini system nya kek mana woi. ku pikir ak top up banyak di game ini ngaruh, lah malah gw yg rugi 100 x lipat sama ni game. game bukanya bikin happy malah bikin stres. sehat sehat dah moonton kata gw mah",2025-05-12 00:38:42
66d48685-74a0-4cbd-bca4-a44eb0decd13,mau channel,1,GAME RUSAKK!!!!!!!,2025-05-12 00:38:07
a9e4e46c-bd28-4376-91c6-25cea4d0045e,Hanung Prakoso,4,game marai stres kakean ls,2025-05-12 00:36:59
4f538487-4226-459b-b15d-d10dc2c8a3b4,Juna Jaya,5,agak burik sih..... banyak dark system 😹,2025-05-12 00:36:18
7067b0ee-b7ce-4744-b1b7-147d6b9aa6d3,Memet Poetra,1,"Terus aja bikin lag dan patah patah, lama lama jg sepi gk ada yg mau main!!!",2025-05-12 00:35:45
a47f484c-2d5c-45c2-b0cc-e203463619a3,ihs kurnia,1,tambah parah,2025-05-12 00:35:37
6222d099-4cef-4ae1-88c0-3b46ee881fbb,Anugrah Teguh,1,game jelek banget playernya ego semua ga ada yang bener bikin naik darah.,2025-05-12 00:34:02
681aca9a-6e14-46ab-aeb5-cf03252bbee7,Fawaz Azam,5,seru kadang gila,2025-05-12 00:33:29
5e87d43c-472e-45b1-88c7-d858a3e62803,crizs epee,1,"Makin cacat game dark sistem makin parah tolong di perbaiki sistem nya, di kasih player cacat terus mana bisa naik rank parah",2025-05-12 00:32:48
ebe3ae76-3cbc-4e8a-a4b8-39c77311ac7d,KAIZO友,1,"game tolol emang, gw udah lose 13×",2025-05-12 00:31:14
79122de4-82ce-450a-b59f-e128b25bfcdf,Yoga Dymoy,1,"game ngga masuk akal ,gamenya anehh,game ini tidak di ciptakan buat player solo(player sendirian) pencarian lawan dan kawanya sangat tidak masuk akal dapat tim selalu bot (tidak bisa main dan suka trol) sedangkan musuhnya pro-pro sangat tidak adil yg blom dowload jangan coba² deh nanti menyesal dowloadnya banyak makan data maininnya bikin pusing kepala saya uda hapus game ini saran saya lebih main game moba yg lain dari pada game rusak ini",2025-05-12 00:30:02
8c00a4f2-1ebb-4239-83e3-5fbdc4122cae,1530 IHSANUDDIN KAMISRI,1,fungsi milih lane di awal game guna ga si ?,2025-05-12 00:27:51
385d9071-1a4b-4ffa-8599-3f5b5fd67096,Rahman Sani,1,Game perusak masa depan anak-anak,2025-05-12 00:27:41
b63603be-b844-4865-9c2f-44880a216b8f,Panggil saja Tazz,1,lebih bagus hok gak ada dark sistem sekali kalah di ml bisa sampe 6 kali bahkan lebih,2025-05-12 00:22:26
f40088ea-84d0-4d59-a4bb-8f15d5e3b5fb,KareelMax,1,"tolol matchmakingnya dapet tim/musuh gak pernah bener, gak pernah dapet match imbang kalo gak dapet tim tolol banget dapet musuh tolol banget gitu aja mulu ampe mitik. Mending gw balik main HOK",2025-05-12 00:21:48
a5208554-a84b-4a4d-8b9b-1aeb252725ec,Nazila Zila,5,ini monton jarinagan nya gimana padahal pin nya bagus tapi ngelag bet sumpah mohon utuk di perbaiki ya monton baik,2025-05-12 00:18:21
f885ccd4-eafe-4a8b-b1ff-ef5c5550cf13,Yudi Dion,1,tiap tiap-tiap mau naik ke mythic selalu dpt tim drak system gak adil kau montoon,2025-05-12 00:17:49
958dabed-ad32-43c3-b6ad-56a9b535febf,Rj Romeo,1,"😢 SAMA SAJA, TIDAK ADA PERUBAHAN, LAWAN RANK SERING TIDAK ADIL 😢 MUNGKIN SUDAH WAKTUNYA UN-INSTAL.. GOOD BYE MOBILE LEGEND.. 🙏😢🙏",2025-05-12 00:16:35
bd71721c-d1b1-40a4-8204-06f489695461,Putri Dede,1,padahal wifi bagus ganti pake data sama ajh jaringnya merah aneh banget!,2025-05-12 00:16:34
bbb539a8-4efe-419c-8d1d-bd0ea3529a51,Acien Eng,1,saran sedikit montoon kalau kasih hukuman itu yang lebih berat lah masa player ngetroll cuman di kurangin 1 poin minimal di kurangin 10 poin lah biar memberikan efek jerah dan tak mengulangi kesalahan yang sama kalau di kurangin 1poin dan cuman di ben selama 1 menit mereka bakal tetap melakukan hal yang sama saya berharap keluhan saya ini di dengar...,2025-05-12 00:14:34
a59c5800-7d49-42a6-8469-cfb1cff99552,Reza Dika arvian,5,gamenya mudah 😎,2025-05-12 00:13:49
ae97d4cc-31b9-48ee-829c-f75c04c745c6,sanviesta Tata,1,game tai,2025-05-12 00:08:34
a47ab0c9-1b33-4360-9ded-20563f675674,Meilan Ismail,1,game buduk,2025-05-12 00:07:37
27314a21-ec53-405f-907f-68a7de4cc7fb,Kaptenk olenk 01,1,makin ke sini makin jlek aja ni game.jaringan bagus bagus nge lag.cheter nya makin banyak aja,2025-05-12 00:06:42
bde09720-63cf-4244-ab9d-107367b9963c,Rizki Firmansyah,1,untuk yang belum donload jangan ini game untuk menaikkan darah tinggi sebelum terlambat baca dulu ini ya,2025-05-12 00:05:23
c8fce075-4a9b-44cb-b09a-0b52722e1f63,Signatur e,1,loginnya eror mulu gimnasi moonton,2025-05-12 00:05:19
fb4d8576-5f25-4337-a4f6-9bdeeb5b0f67,ASJ 123,1,"game nya bagus tapi dapet dark sistem Mulu,beban tim ,musuh jago kalo gacha gak pernah hoki lagi😒 ngeselin banget ni game minimal kasih tim jago lah",2025-05-12 00:03:47
85d9db2b-17d7-451b-ba6d-f06abf3c17f2,Aditia Ribon,5,"game nya sudah bagus di tambah dengan fitur fitur terbaru, tapi mlbb sudah sering ngelek dan ngeframe sendiri dan sudah tidak ramah untuk hp di bawah ram 3 dan 2 tolong moonton di perbaiki lagi.🙏🙏🙏",2025-05-12 00:03:07
d63ad2ef-9104-4fe6-bc83-127bce8dc250,Masz Rahmad,1,Anjink,2025-05-12 00:03:00
1e88ccf3-694b-4842-8714-b0e38def47b4,Rika Yudhi,4,klo sudah legend musuhnya jago jago sehingga kalah dan juga timnya gk mau fokus ke turet tpi bagus sih cm jangan kasih tim sama musuh kya gtulah,2025-05-12 00:01:51
41a20f65-d652-4b25-9571-07d18b11f33c,Kyy Hamzah,1,gw kasih bintang satu karna sistemnya gak jelas di kasih tim yang bot serta musuh di kasih tim jago cape kalah terus,2025-05-12 00:00:40
1eb4ea9f-af09-4887-b948-3148a1e2ffca,RANGGIH GAMING,1,"game rusak game rusak masa jaringan baik baik aja Hero yang gw mainkan berjalan sendiri nggk bisa di gerakin ini makin di update makin aneh aja nih game,bikin risih banget,lu dengerin nggak keluh kesah plyernya montoood",2025-05-11 23:54:45
170a53e6-814a-45e0-91a0-e81a954a5b09,Hasmil,5,permainan yg seru,2025-05-11 23:52:51
3f594ccf-1512-48e8-9a34-4b65e51d0a20,Pebri Ansyah,1,game drak sistem,2025-05-11 23:51:57
2fb64e16-174b-4886-8f22-ab0b06b20f4d,Olivia hungu 17,5,BAGUS,2025-05-11 23:51:13
5c41a846-9346-48a3-a959-339bb505b158,Dede Koswara,5,suka bagus untuk hiburan,2025-05-11 23:48:37
e30b406d-25a9-4e34-94b5-f10b9c4414b9,Mario Agato,5,game seru tapi game apa ni NONTON RUSAK KAH APA KAU BUAT GAME KAYAK GITU GW DARI SIANG SAMPAI MALAM TIM GAK GUNA SEMUA CAPE NONTON,2025-05-11 23:47:51
a4b60ee1-b3fc-4687-94d7-11f84692aa6c,Karlina,5,please ya moonton kasih aku menang aku udh capek banget di kasih tim yang gajelas apalah,2025-05-11 23:47:44
42e12ffa-4a15-4a5c-a044-0dadc0f40e48,7A-Daffa Aulia Rahman,2,"game stress dapet tim, tukang ks Nape sih moonton",2025-05-11 23:47:08
5fc60376-474b-4428-a331-84c9810057eb,Ferdyyi,1,gem apa ini deraksistem mulu monton monton,2025-05-11 23:46:59
1c608c97-34eb-4d20-bf17-7c6c91ac2866,Ponco Genz,1,"game moba yang bikin muntah, solo player pasti di curangi game perusak mental , hp & waktu ini...saran untuk keseimbangan match marking tidak pernah di gubris, malah yang kasih saran di setting lose streak ....marak joki , cheat karena game yang tidak fair play",2025-05-11 23:43:11
5d75cbf5-050f-4b4f-9130-73d5acc2782c,Eka Eka,1,moonton lol ngasih darksistem,2025-05-11 23:42:24
18be0e60-3478-47b3-ba81-e62ffd157c8f,KTA Mudah,5,main nya seru,2025-05-11 23:42:23
269e021b-c72e-4cb9-8c28-d480851f785a,Akbar Fatur,3,geamnya sih bagus tapi kalo main rank di kasih tim eggk eggk bisa main semoga moonton dpt memperbaiki sistemnya 🙏🏼🙏🏼🥲,2025-05-11 23:42:10
d0eb4447-7219-4b55-81be-6c490e3d882e,Anass Rekyy,1,game burik server sering eror bikin resah aja,2025-05-11 23:42:09
5cb555b5-7cbe-45cd-b52b-dfec9fca1f12,Jun Leak,5,mantap,2025-05-11 23:42:08
5e8a0b85-3dcf-480e-9ba1-fb2b4a013dd7,Aungk Bleck,1,GUEE SERING AFK KARENA BANYAK DRAK SISTEM ANJG LOL,2025-05-11 23:41:29
1cb39a6f-064e-4852-9148-b91035f9cc50,andreas PW,5,ok,2025-05-11 23:41:04
564d9f39-0d1b-4d8c-aecf-683adf508565,Niko Chan,1,gua uninsatal gamenya udah kacaw lol,2025-05-11 23:40:52
21375a29-09de-442e-bf00-7e8526d8b490,Moh Sedeng,1,game stres,2025-05-11 23:39:42
adae7920-9732-4316-b0ed-188f2d9b818a,Fajjar Alkantara,1,Jangan download game ini .. kalo ga pengen nyesel.. masih ada game lain yang 5v5 lebih bagus .,2025-05-11 23:39:41
17bbe7d2-841b-4eb2-bec0-7f0775b3b618,Hary Efriady,5,MANTAP !!!,2025-05-11 23:37:02
2c34016e-5536-458b-bede-8b3a10a958b2,Mdian Permana,1,"itulah kenapa saya pensi dari mobilentod, mending maen honor, game mobilentod ga bisa seimbangin tim lawan, masa ga pernah naek myth dapat lawan yang udah pernah immortal. game rusak emang ini mobilentod.",2025-05-11 23:36:45
97ce266e-f949-4cf5-93a5-25e7065aa295,Tanisi Ozi,5,bagus,2025-05-11 23:35:48
079287cb-66a3-4dd2-9f67-1744f3bb0747,Francis Setiaji,1,woy montoon di belain maen lama sampe 7 tahun malah di persulit dapat tim yang kasian player solo itu dapat tim gak sesuai kalau gini terus game mu ancur rating buruk udah di belain malah ngelunjak . selalu dapat tim ampas dan draft gak sesuai dan terus Hero udah di ban ilang langsung jgn di tabrakin dan kasih hukum cuman dikit kalau ada player feed dan afk . lu utama kan cuan dari pada sistem gameplay pantes HOK rating tinggi dan berjaya sistem dan gameplay adil gak kek sistem elu.,2025-05-11 23:35:42
774992ff-693f-4dd8-be38-f3e561221868,Adi Ramadhani,5,game nya bagus,2025-05-11 23:35:30
47223f06-fc24-44e1-9fc9-8bad46563109,Julia Firda,5,like it,2025-05-11 23:34:32
72c73695-20a2-49f4-a550-86fc22e7fab9,Alvianopradana Cahya,5,game terbaik,2025-05-11 23:33:48
3f495086-fa68-483e-89c1-7458d7f7eaf7,Avaa Jelek,1,"ngasih musuhnya ga seimbang, game stress",2025-05-11 23:33:16
263af6da-c1a8-4be3-aeb0-280b127142c1,Fren Nm,1,oyyy monton niat buat game gk minimal kasih tim yg enak dikit apa gk kasih musuh yg GK terlalu jago stress orang main game lu rank nya gk naik naik,2025-05-11 23:32:48
a6163c51-3fa1-4fca-b37e-1a6db286a1e2,Cecep April,5,Min Hp Ku Frame:(,2025-05-11 23:28:43
37e8a927-dfc4-4619-b0e1-eeebbb61679c,FyaEchaOiBina Akbar,5,Mantap,2025-05-11 23:28:31
cef6c969-829d-429c-baeb-2b0f55f9034c,danny 1206,4,lumayan,2025-05-11 23:28:10
e56acfef-81d6-41f4-beb7-6ec55fdc9a81,Faris Muchtar,1,hapus aja ni game ga guna,2025-05-11 23:28:04
476695f9-1f1a-4217-bb08-720eeb34fb5c,Muhammad El,1,main game ini buat emosik di kasi musu yg epik aku ni pensi aj main game ini sangat buruk karna buat orang berbicara kasr,2025-05-11 23:24:51
9189b6fa-0a81-40fc-99d3-902ab6e1bf0d,Asih Wahyu Ningrum,2,"hadeh makin makin, ga pernah dapet tim yang enak dan berujung ls, sekalinya dapet tim enak itu pun temen sendiri yang jarang on huhu, ayolah perbaiki keseimbangan timnya",2025-05-11 23:24:09
611139c1-cdec-4fcd-ae60-0a931c879923,bron span,1,Matchmaking terlalu tidak sesuai! terlalu banyak player asal2an main,2025-05-11 23:23:43
17a3f950-771b-49a6-9d99-872cf218748a,Sya Fei,3,monthon coba perbaiki severnya knp sering sekali ada lag padahal sinyal bagus dan itu sering sekali terjadi jgn perbanyak ivent aja dibanyakin,2025-05-11 23:22:10
613ddeaa-b6ce-4516-9340-5dc49360d9ee,Dinikhairu Jahdi,1,lose treak,2025-05-11 23:21:52
35fcf12e-bd52-4add-951a-b713b186d02c,RAJIF AULIA NARWANTO,1,hei moonton kalo mau game lu laku pls lah jangan kasih tim yg bot musuh yg pro kalo kaya gini terus org bisa pindah game begoo!!!!,2025-05-11 23:20:47
b0370709-a063-4965-a184-1a1896b0bfe5,Cak wibu,1,game sampah masih dark sistem mulu,2025-05-11 23:17:53
df752ab5-fe07-4a12-b70f-367a1caf3f82,pian elit,1,"game ini jelek jangan di donwoald,karena apa kalau di donwoald? ya kalian donwoald game ini auto di bikin stres sama pemilik game ini 100% salah satu nya gua main game ini terus bukan nya menang malah kalah,jdi gua sarani kalian jangan donwoald game ini kalau ga mau stres!!!!!",2025-05-11 23:17:17
c2a13e8b-c461-4769-9333-2a8f5a89351f,Mua fifah,4,game nyaaa bagussss,2025-05-11 23:17:15
c2fea064-7dbf-4500-b209-0ea5a0061987,andre Seah pilar,1,di kasih tim bot dan musuh nya jago terus,2025-05-11 23:16:48
a9e0b368-5ea0-4e73-b04d-62577721091c,Zhafran PutraLiandra,1,Tolong hilang kan dark system moontod,2025-05-11 23:16:47
628058a4-fd4b-4276-9d2e-d01eab12f3ac,Dit Putra,5,cape bet naik turun,2025-05-11 23:16:19
8e375b12-5a61-4b2f-9cec-937d5e7e3dd3,Raisyauqi Mohammad Athaya,5,sangat seru dan asik,2025-05-11 23:15:01
e4ad2664-6e22-467d-a6c4-8bb73a2e0333,Mechamato,1,gemanya agak aneeh setiap gua main rank selalu tim gua beban padahal udah honor 41 turun gara2 moonton kasih tim beban fix hapus aja udah party and lagi hadeh moonton2 udah capek di gendong mala kalah 🗿🗿🗿capek gua ama game ini selama turun gak pernah dikasih tim yg bagus2🗿🗿🗿😭,2025-05-11 23:13:46
bae44552-c211-44d6-8294-65b3951c4870,Rizki Hidayat,1,woy monton ini gemnya yang bener ngapa gu di kasih temen beban Mulu pada di kasih temenya drak sistem Mulu sekalian hapus aja gem ini huhhhhhhhh,2025-05-11 23:13:04
f476cfe3-4405-4827-9478-6d4296823dfc,Bayu Setiaji1928,1,"Game tolol belom season gw di kasih team sengklek terus sampe lose streak punya dendam apa lu sama gw, cape banget Solo rank gw",2025-05-11 23:12:12
65ce6a33-bfae-45d3-9d8e-3b897b207774,muhamad holil,2,apa coba bug kek gitu. bug nya akun gw ada yg make gw login lagi tapi. connecting Mulu sampe ber jam jam,2025-05-11 23:11:57
89431d92-2ef6-43c1-ad1e-687984b8d0fd,Raja Ardiansyah Raja,4,matap,2025-05-11 23:11:31
1db7891f-334a-4b85-bc2f-3abdb1693e56,Muhammad Rakit,1,"jaringan lag Mulu, gajelas rusak",2025-05-11 23:11:30
49907749-53f1-452d-a04c-2e6558ee770a,Ath Thahirah Ali Putri,5,bagus banget game nya apalagi dah collab,2025-05-11 23:10:11
3956a72c-3d4b-41c5-914b-b1c4f1c87ad1,Winda Damopolii,5,paling terbaik,2025-05-11 23:09:34
fce3597f-6eaa-4d61-b517-280d5afe0ae9,aris setiawan,1,game busuk rusak uninstal aja,2025-05-11 23:09:24
149bdd03-479e-4043-a8c9-e4e6544e7188,Agus,5,"pembagian tim tidak adil, perbedaan rank/high rank, tolong di perbaiki",2025-05-11 23:08:21
28312591-b191-487a-9597-8c7d279ede9d,Paskalis Hulu,5,Ini GAME TERBAIK BAHKAN DI ADAKAN UNTUK TURNAMEN PERTANDINGAN ANTAR NEGARA DAN SQWAT. SARANKU: 1. TINGKATKAN KAPASITAS SERVER HARDISK SISTEM MONTON AGAR TIDAK DELAY JARINGANNYA. 2. HAPUS PROGRAM DARKSISTEM SERVER MONTON 3. PERLUAS JARINGAN SELULER DI MASING2 SATELIT JARINGAN. SEMUA LAPISAN MASYARAKAT NEGARA MEMAINKAN GAME INI SEMANGAT DAN TERIMAKASIH MOONTON TELAH MEMPERTIMBANGKAN SARAN KAMI TIM MPL MOBILE LEGENDS PEMUDA DESA,2025-05-11 23:07:43
2fa95829-71d6-42c7-9e03-ffd4a845417f,cari vario led old,1,game apa ini Weh di kasih kalah Mulu 7x kalah Weh!!!,2025-05-11 23:06:48
dede7592-b685-4c5c-9c16-665c8fcf880a,Maulana Jepara,1,Saya kecewa padahal sinyal bagus tapi dibuat maen selalu ga pernah stabil,2025-05-11 23:06:24
682dbc25-8e23-42cb-8677-8bc3d5e99be4,Alim Restu prayogi,1,dapat dark sistem mulu gaseru kocak kocak yakali main ketemu darm sistem mulu kan kocak,2025-05-11 23:03:41
126f5918-7e3a-4b7b-bbfd-688fad592564,Rafaka Zea,2,gemnya seru banget tapi ya gitu sinyal sering hilang terus,2025-05-11 23:01:32
34d190f7-77a8-4911-998f-9154ef3514dd,Husna Wahyuni,1,"apk taiiii gc adill, jangan download sumpah dh cuman seru diawal doang... apk nya kurang berbobot cumn bikin orang gc mood",2025-05-11 23:00:59
73252d9f-6c49-47d7-9a92-20280d41fc6a,Edwin Saputra,1,game sampah game gk mutu,2025-05-11 22:59:09
746ae998-61e1-46ee-ba3d-673126ea78f4,GF gaming official,1,anak saya membanting hp nya gara gara game satu ini saya ga tau apa nama game ini tapi mohon game nya di kurangi tingkat kesulitannya biar ga ada kejadian gini lagi,2025-05-11 22:59:06
d3d3635f-5b80-4761-b13e-6003a72aef17,Ahmad Junaedi,1,level akun ku gak pernah naik naik dari dulu,2025-05-11 22:58:42
6768e87d-6c3a-4efe-bb07-dc9b4b36b3e3,Rafa Fabiano Silva,1,banyak dark sitem,2025-05-11 22:58:26
9929fda6-630b-4235-a5d8-f68441f40a15,Arul 99,5,mantap,2025-05-11 22:58:07
17e6faca-3d5a-47e2-b7d3-d0c74451de3b,Aiski 123,1,"game gak guna,,gue uninstal game ini",2025-05-11 22:57:08
db854c7b-3e28-46e3-8c19-9be519bfa5c4,yudi priyana,1,oalah pantes playstor ML jelek bintangnya...emng ini asli game cuma bikin emosi...main solo sllu ketemu team mabar..minimal imbang ini mah gk adil..gk ada imbang sama skali..team musuh sllu kompak...lose treak nyampe 11 x...parah monton.klo bisa kasih bintang Nol..aku milih Nol,2025-05-11 22:55:59
6f3d13a7-537b-4903-a851-88e897bb3cad,Rafi David,5,super bagus,2025-05-11 22:55:26
765407eb-091d-4493-90fe-fa72a4c01e4d,Fahrizal,1,emang gk patut server rusak dan jariang tidak pernah ada perbaikan sama sekali padahal sinyal sudah bagus tapi masih curang dalam sistem jaringan,2025-05-11 22:54:29
b1ecdd8d-db9a-4eac-a650-52aad8a4d09c,Syaiful Anwar,1,"game nya bagus tapi sayang penyesuain tim nya rada2 ga bener, masa iya roll jungler ketemu sama roll jaungler, kadang yg lebih parah lagi roll mm di tim saya ada 4, jadi ujung2 nya ngetrol deh, tolong di sesuaikan lgi tim nya di bagi rata yg roll jungler mm dll di bagi 1 tim 1 player 1 roll masing2 tim nya agar main nya jadi lebih serius.",2025-05-11 22:53:51
8379a0a9-2570-483e-ab34-2827cb8b2e95,Malaikat Maut2208,1,game heuncet,2025-05-11 22:52:43
7a0db5d5-232a-46bf-a661-d37fa48cfd2d,Misno 182,5,ga ragu mantaap,2025-05-11 22:51:13
ffa68c68-1518-417b-8f0d-67b6d3135964,Oki D Javu,5,good game,2025-05-11 22:51:09
e2ec9225-7997-4a04-bcbd-6e21d00f224e,Ade Rian mulyadi,5,saya udah 8 tahun main mobile legend.. dari dulu bagus game nya .. saya suka,2025-05-11 22:50:36
8363326f-98b2-4504-bc0f-c448ca7721cf,Abdul Ghani,1,GK adil match makingnya sangat tidak adil masa ex honor ketemunya ex glory/IMO tolong di benerin,2025-05-11 22:49:01
6fb270b9-f066-4b75-bc95-f9faa2306b4b,Keke Pangestu,5,tolong banget ya dikasih tim gua yang jago sampe Mick honor pils,2025-05-11 22:48:55
61cd00d7-735c-4866-a622-2c4d77a4c6b3,Wawan Ajah,3,aga ngelek tapi tetep aga bagus,2025-05-11 22:47:49
2eea541e-6d92-4810-b9d4-6e622775391d,ELISA Ulfha,1,hapus ajja lah gk guna game ini,2025-05-11 22:46:27
0dca2e08-dd16-4063-9b93-564fd9e5da45,mati gege,1,Karena musuh nya tidak seimbang dan teman saya malah bot kalau ga ada draksistem atau musuh seimbang saya akan beri reting bagus akun ml saya yang ini KALAHHH,2025-05-11 22:46:05
92fa4da5-42b3-4302-bae5-e91f476d99b3,fikih firdaus,5,pak monton mohon kualitas sinyal nya di perbaiki lagi soalnya suka leg oarah,2025-05-11 22:45:44
938605d9-f62a-4c50-bbc8-b675ea5a1684,Fikri Fauzi Fadliana,1,"lelah ya? udah gak usah kegoda sama penasaran, gak bakal berubah publik random yang ego nya tinggi, main ngetroll ngasal, afk dsb. daripada instal uninstal lagi siklus gitu terus gak ada ujungnya, mendingan tekad kan aja gk download lagi serius ini memang sulit ditambah banyak di beranda sosial game ml pas dicoba wah publiknya pada jago (tim musuh nya). selamat buat kalian yang udah bisa berhenti main game dan fokus ke hal yang lebih bermanfaat bagi kehidupan",2025-05-11 22:45:30
b3314565-1d5e-41a5-94b5-7ba09d1827e3,alii Al-fatih,1,strange game lots of bugs not worth playing,2025-05-11 22:45:12
b3ccf29c-d4fa-4c7f-8c3a-60088962b9ce,Ir Awan,5,Bagus menghibur namun setingan nya ya bikin panas HP. kalo boleh usul tolong di mode otomatis🤔🤔😁😁😁,2025-05-11 22:43:01
234e3708-ae49-4289-9539-7ba57343c30d,sarnah klj,5,sangat sru,2025-05-11 22:42:58
0f9138a0-d528-469a-9624-73d0c0cfd949,YOFI Prasetyo,1,"Moonton memberikan musuh yang jauh lebih kuat ,dan saya kalah 9 kali berturut-turut.mending di hapus aja gem sampah bukan ngilangin setres malah nambahin setres.kalo buat gem minimal yang ngotak dikit game kok nambahin setres mending pada hapus gem sampah ini.",2025-05-11 22:42:32
8c9b224c-1dd0-4da0-bc20-3bab47767767,Siap Oke,1,game hama mampus dibawa ke barak,2025-05-11 22:41:54
ac3c3986-162f-4f2a-a7b3-39417f94e712,Frengkiy Putra suliwa,5,bintang 5 masuk,2025-05-11 22:41:08
e90c11b6-ad21-4fe8-b9fd-6c4447761213,firdan ardiansyah,1,udah nyampai di rank legend susah sekali rank legend,2025-05-11 22:40:34
85c88b81-bb51-4ad3-b4e0-b4a0dbaf882b,`Riijaal Cpt,2,gampang kaalah,2025-05-11 22:39:30
4b0ef43b-81a0-4353-b71e-b2a1bf7b3b56,Dinar Ibnuramdhan,1,game ini jelek karena banyak dark sistem,2025-05-11 22:38:58
d78d4454-08bf-4492-9445-f8ea198d6f74,ZERO,5,makasih monton udah bikin gem seru,2025-05-11 22:38:44
8d50e306-7380-4718-b800-56e9489e4933,Iyai Songgan,5,bagus sekali dapat emot jiraya.,2025-05-11 22:37:47
7cb88eed-f6fc-4f59-94ed-a71d966e3f77,mama phesseck,5,saya sangat suka,2025-05-11 22:36:40
b560bf87-3f93-41c8-ac4e-84f2c762e094,Rudy,1,😁☠,2025-05-11 22:36:40
bea8bb84-c36a-4095-9339-1dd4b1f35cbf,RACHMAD 92,5,☕🎮,2025-05-11 22:35:47
002e73f4-6835-47fb-b93d-f7e7dd18a3df,Derryl Gaming,1,tolong lah montoon naikin rank nya susah kali malas jadi nya yg aturan mitik malah turun legen 2 lama lama gw hapus juga ni,2025-05-11 22:32:13
349aa8f6-1a1b-4b88-ae5b-a71d2b15f6b2,Rama dani,5,"trima kasih monton kamu bisa membuat aku menjadi tidak normal karena kamu selalu ngasih aku losetreek, salam dari Jawabarat, takut di samperin kdm bang monton",2025-05-11 22:32:04
24ea55ab-11e3-43b9-9171-ede8f784a030,Misriani,1,Game b4bl,2025-05-11 22:29:48
6f8d552d-75cf-4890-9221-ea0d9e6b8962,Khalishah Cimoy,5,good game,2025-05-11 22:29:03
154de554-f16f-4ef4-b262-a0744b7d8183,M. Hasan Rumuzi,2,ngasih matchmaking yg bener cokk,2025-05-11 22:27:44
30a61a7d-3a4f-4daa-b890-1f17398e1cd9,Maniar Niar,3,jaringan nya jelek,2025-05-11 22:27:33
a9d11136-7551-4155-ab61-c14224b4af15,Yusta affandi Affandi,1,ngeleg muluu padahal baru beli kuota terus di kasih musuh jago teruss dari honor turun sampek mitik gw tolong monton di baca ini tolong kasih gw temen yang jago jangan botterus musuhnya juga jangan jago kasih bot ya tolong banget,2025-05-11 22:26:20
48ce1ffe-3eb3-424e-abff-d55824160c26,Dullo falenzzo,5,bagus,2025-05-11 22:24:32
65abcf6e-fb13-4574-891c-e4810818d109,Viska Mardiana,4,"lumayanlah,cukup melatih skil ku berawal dari bot berakhir menjadi pro player,Secara logika ku game ini bagus tapi ada beberapa kesalahan yaitu kebanyakan chiter",2025-05-11 22:23:25
5f1642df-955f-44a3-a99f-beb23580aa0c,yanu caryoadi,1,sistemnya makin bego. sudah jelas diakhir game tertulis AFK tapi mau di laporkan AFK gak bisa. munton gblk,2025-05-11 22:22:51
bd3f5efe-d790-4b82-a092-42af9e9754bd,Muhammad Rasyid Al-fatih,4,keren tapi ga keren,2025-05-11 22:21:55
337dc535-2ca6-4685-a782-9db1192ede68,Rustan Rustan,1,kenapa sekarang cari pertandingan lama sekali bisa samapai 10 abad,2025-05-11 22:21:52
c671e9a5-12ef-4213-977a-e1abcb8aeec1,Lebe Lebene,5,Mantap,2025-05-11 22:20:43
cafc27d5-ab67-4ecd-939f-d6f732191951,dhea rls,1,"GAMEEE HARAMMM JANGAN DI DOWLOADD GAME SKEMMM HARAM TIDAK BAIK, KOFF TERBAIKK GAME NO1🤭",2025-05-11 22:19:42
638ab823-bbee-4253-a4df-6ae166e95e26,Novita Eva,1,yatim sengaja kali cokk gw kalah terus padahal di early dh menang di sengajain kombek jing,2025-05-11 22:19:19
6010dbd4-5775-4ba8-9ed3-8227421f02c6,Lionel Josua,1,saya setiap kali mau naik rank nggak pernah bisa karena tim nya tidak pernah benar dan selalu mendapat kan musuh yang susah sekali dan sering sekali sinya nya jelek sekali jadi saya sekarang sudah mulai malas bermain rank saya lebih sering bermain classic atau brawl dan saya sudah berkomitment tidak akan login kedalam game mobile lagend lagi karena saya sudah malas dengan tim yang tidak mendukung saya selama bermain,2025-05-11 22:18:51
51f32c05-8beb-4154-a9ac-3617f8f28027,Ratu begal13 Endhel,1,kalah 16×,2025-05-11 22:17:49
d8055fd4-3fad-4353-8095-f1701a4ee367,cacang bakadiw,4,terlalu banyak buff,2025-05-11 22:16:27
ccd9f219-d653-49a3-88a5-5b7a6a0ee344,Rokok Surya,1,game tempek,2025-05-11 22:14:17
fd7c3a71-d78c-4f20-bbca-9fb4267f8cac,Azzam hehe Zam,5,game nya menarik,2025-05-11 22:13:38
2660be81-c358-4ed2-8516-8334490af778,adi damar ali,1,game bikin tambah gila,2025-05-11 22:13:25
80e273a9-e008-4c4f-b8a5-b9b27b38e0e4,Arifin Hidayat,5,go go download gamenya baguss🔥🔥🔥🔥🔥🔥🔥,2025-05-11 22:12:48
056e516a-a1d4-4711-afc9-a8171ec53a76,Ayu harahap Ayu harahap,5,lumayan buat hiburan,2025-05-11 22:10:52
519cbd42-e9fa-4941-b187-c6fad03cf924,Anri Acoustic,5,MLBB ( Main Lag Banyak Bug ) season 36 moonton curang.,2025-05-11 22:10:43
dcee44e9-d267-4951-ac45-2e3e22fb7bf9,Alif Bima,1,"game gila, 30 match kalah Mulu 🤬🤬",2025-05-11 22:10:15
bf4de29d-d916-4dd3-8e2a-9fe1d435cfee,Fajar mahardika,5,GAME BAGUS,2025-05-11 22:08:40
b97dbc57-164b-4553-b974-19aaecada6d6,Queen Humaira,1,game dajjal kata temen gw bikin happy malah bikin makin stress,2025-05-11 22:08:13
d379ba68-f1bd-4e1b-801a-2b2f57553b4c,Hafidz Abdillah,1,"Moonton sistem match nya dibenerin lagi lah masa aku mau push mmr dikasih tim ga jelas mainnya. Ampas banget matchmaking nya, mohon dibenerin gua udah main lama ni game makin kesini event doang banyak matchmaking nya ampas ya buat apa. Orang main buat nyari seneng malah di kasih tim ga jelas ya malah bikin emosi. Game nya makin kesini makin jelek matchmakingnya. Kualitas makin buruk ga mutu perhatian keluhan moonton jangan diem aja benerin match nya udh cape kalah mulu.",2025-05-11 22:08:07
8c89f1af-b331-41eb-b949-71431f45aceb,Sasa Nur,2,"mana update yang di lobby itu milih Lane dulu kalo mau main, jadinya kalo lagi milih Hero ga rebutan Lane. hari hari kalah Mulu udah Ngalah Lane tetep aja kalah, mending hapus aja daripada stres.",2025-05-11 22:05:26
296be647-0d46-422c-8fb2-d8c9b336b92f,Yama hati buulolo,5,suka suka,2025-05-11 22:05:24
eeee9e54-e7e2-41cf-a07d-c6cf6a8937e5,Ridho Ansari,1,BANYAK KALI DARKSISTEMNYA MONTOON,2025-05-11 22:05:19
dd52e0c6-59d1-4c06-b49f-286d71d77bf3,Wagi Wage,5,penuh tantangan,2025-05-11 22:05:04
e18ca167-9538-4ffe-89ef-191d0db67f7d,Azid,1,"game ramah lingkungan,player nya sangat berbakat",2025-05-11 22:04:53
3f7c0494-0b3d-45c3-9bc3-90f4716f35dd,Ustad Haji,2,bot balad na,2025-05-11 22:04:08
c1b2a6e4-d416-4e87-a8dd-edd2a63bad7b,Saipul Izam,1,game jelek banget,2025-05-11 22:03:49
86943b7c-3ea2-4b7e-95a6-60fdd4e5d44d,zaenal abidin,5,"permainan ini sangatlah bagus terkadang kalo habis pulang kerja langsung pusrank terus losetrek 5x GK naik bintang , disitulah aku merasakan kebahagiaan yg tak terduga saya Zain trimakasih Montoon TOD",2025-05-11 22:03:03
3c585511-9bd3-48a9-acf5-1c5559f30a24,Ardian Saputra,1,GAME YANG TIDAK PANTAS UNTUK DI INSTALL,2025-05-11 22:02:18
dee5b87e-d81f-46c6-beb8-f2c911c37781,Dicky Pratama,1,suka ngeprame jelek banget,2025-05-11 22:01:00
c4b90d10-7ea3-4ef7-b3c2-9512901888ff,Natannius,5,good,2025-05-11 21:59:17
351d8d2b-3d91-4b3c-aa02-a3517ce61be8,Adi Iskandi,1,"ampas,benerin noh jaringannya,di pake game laen lancar² ajaa giliran di pake ni apk kaga bisa gerak,pentingin collab ketimbang kenyamanan pengguna",2025-05-11 21:59:04
9de9518c-9c86-44a5-b7ea-d6170716ff23,Nazwar,1,SANGAT GA SUKA ORANG SEMUA GA BISA MAIN,2025-05-11 21:59:00
e2b027ca-76cb-4db4-a103-cb4df9b13048,astra Maulana05,1,"woi developer ,gua main dri pagi sampe pagi ga menang"" lu kasih tim yg setara kek,gua udh lose 12 kali gmn ini,hdeh",2025-05-11 21:58:16
31e728b5-5984-483d-803d-05a12ea4c568,Bang nas,5,ngasih tim yg bener monton makin stres gue 🗿😓,2025-05-11 21:57:48
edfb0708-e00e-46c5-a70a-3efb9f8e4738,Tria Aulia,1,"bntang 1 ajalah jin9, baru juga menang 1x, dikasih tim anomali gilak, dan bukan 1 match aja, smpe ls 5 dari win 1x, bukan soal kalahnya atau pngen win trus nya, tim kita ada yg bego musuh juga kasih yg bego lah, ada yg jago musuh nya ada juga yg jago,ini mah apa t41, apaan lah sistem match kya gini ngmtd, niat buat game ga sih lu moontol",2025-05-11 21:57:34
058f95af-de78-49f5-bb1a-22479a90bb04,Bagastian 2344,3,bagus,2025-05-11 21:55:59
98de77b7-5ebc-40c2-8753-48fb5f3c118b,Jokosugiarto Joko,5,kita kasih 🌟 5555 soalnya gemesnya bagus,2025-05-11 21:55:33
b2a3421a-49b4-4b1e-8504-a31b5fbdd38e,Afdal Barhi,5,game nya seru,2025-05-11 21:55:26
200d4c64-0b03-42b3-b5a9-bf7433109e65,Jenar Irsyad Mubarok,1,gem nya m mang asik tapi lama kelamaan asik berubah jdi kesal dan frustasi,2025-05-11 21:54:56
0302c35c-b13b-404e-af67-96b68f5fa4be,Dava Kurniawan,2,"woi min gw kena bug tadi pas main, bug nya map ga bisa kecil jadi gede terus, sumpah ganggu banget mana gabisa pencet skil 2 sama 3 lagi, tolong di fix yaaa...",2025-05-11 21:54:25
7bdd15c4-0d73-4198-ba17-33a83219e370,Hiyazathiya,2,game apa nih masa aku di kasih ls seru game gak adil saya sebagai player solo gak terima masa di musuh bisa kompak lah tim saya di kasih tim dark system apa coba monton,2025-05-11 21:54:24
08fbcf80-2922-4025-af40-c27b6f1c3461,Suratno Sm,1,Yang bener ngasih tim.,2025-05-11 21:54:24
c2ce0d66-9729-40a2-ae13-c4ce17fccb0d,Muly Atip,5,"Game ny bagus banget, tapi jaringan ny di perlancar lagi semoga lebih baik",2025-05-11 21:53:56
1f052f5c-a172-4eaa-b506-93c3164c8924,Nia Nuryani,1,Game sampahhhhhhhhhh,2025-05-11 21:53:15
3161f8a4-8d5a-4325-90bc-cf92556263bf,arit Antonius,5,sangat keren,2025-05-11 21:52:49
9c61853a-bc46-43f1-841f-a3eda81f817c,Arka satria,2,woi tlol lu kalo buat game yg bner gua lagi war tiba tiba lag gajelas apala gua pencet jaringan malah kluar nya jaringan bagus hdoh,2025-05-11 21:52:19
5c664b1f-5a6f-4184-83fb-3b311f497e49,Aku Aja,1,ini dak bisa loading kembali terus sinyal sudah nyaman terus dak bisa loding,2025-05-11 21:51:53
b079caaa-07ab-4d22-9d56-0e4fe3373fa2,Lara Sati,5,muntun kasih skin legend gratis lah,2025-05-11 21:51:50
05b0dd0b-0009-48c6-bc50-2512719bbddf,daffa myt Ar,4,"kode verifikasi tidak bisa masuk masuk,tapi klo yang lainnya bagus",2025-05-11 21:51:38
a7bf46d9-31a3-40ce-b3b0-33c4dd0ca3e7,maitingndu Manto,1,gabisa di updet,2025-05-11 21:50:11
ebaa9f78-fb8e-4407-8a97-a1c0b13d38b9,GREE Tygz,1,astaga pliss mental gua udah rusak main game ini gak kuat,2025-05-11 21:49:49
53e4ffda-711f-4af2-83c5-d28ec7949688,Ahmad Fadila,3,"server tolong diperbaiki, pinang selalu diatas 200,dan sering lag ngehit skill selalu telat.",2025-05-11 21:49:24
9d0c6469-6b4e-4100-a360-14612f2d0e8c,zain boyy,5,game nya makin ke sini makin keren tapi updet nya banyak,2025-05-11 21:49:15
6773c185-d6ad-4672-8548-b70139cd413b,Habil prem,1,game gila ngasih lawan ngga seimbang,2025-05-11 21:48:42
1a2c9778-1cd6-48dc-a553-bc0c4542ff21,Ahmad Saleh,5,game nya sangat mudah untuk main kan,2025-05-11 21:48:39
b874da1a-c763-4c6c-8331-2de6a78a2179,Khoirul Nuriyanto,1,game anj servernya leg mlu,2025-05-11 21:48:04
d260fd51-0353-4718-ac70-6fad9425c7cc,Sa SANZ,1,game ajg ga jelas suka ngelag ngelag sendiri benerin tuh server,2025-05-11 21:47:30
a2f45e04-bcc1-4373-a392-e047aa147990,Kkaryo S,3,lahh kenapa update ko jadi gak enak main nya.,2025-05-11 21:47:00
8c1063a6-0884-4df5-a5b5-45f9cee84ddf,Marvellyna Sigmaputri,1,ga adil tim nya,2025-05-11 21:46:47
7fd2013a-a92f-44e3-a103-c8d97b3b0d22,Putra Putra,5,👍,2025-05-11 21:46:12
c60f2797-791c-47ed-accd-c64a8498c4f7,Dimas prayoga,4,"lumayan seru tapi tidak dari pemainnya, pemainnya ga sportif kadang udh ada roam malah ada yg milih roam juga",2025-05-11 21:45:51
f87e5ad0-9c4b-422f-b93f-a1dead2f46e2,Alifia,1,gak suka blokir aja,2025-05-11 21:45:33
b20de74f-3521-4412-802a-0889f880c251,Kokowijaya,4,main montoon lagi acchh,2025-05-11 21:45:31
c4ef2c43-7b61-44ca-9f4c-21823a1a5598,Yadi Aja,1,"game ga jelas udh kalah 8x masih aja kalah,cari nama gw bihskyzii",2025-05-11 21:45:20
93ea06db-c839-4c69-b397-7a11658e0624,NDRAHA,1,"setiap update jaringan selalu terganggu, tolonglah biar kita para pecinta Game ini mengalami kenyamanan bermain dan keadilan",2025-05-11 21:44:29
a0e0a057-341e-4498-ac66-ea9c7053c460,Ijuy Rekt,5,pengen diamond,2025-05-11 21:43:34
bb61e9a9-3ca9-44a7-9fc6-2874b02a0414,As tel,5,aplikasi game luar biasa,2025-05-11 21:42:58
c1173e1e-230a-43a8-91c2-bf56c62db35b,Riyaden Den,5,sangat baguette sekali,2025-05-11 21:42:27
052a9e12-29ec-4776-a343-9431002f53c2,ADI DAS,1,GAME GAK GUNA GAJELAS DAPET DRAK SISTEM KAYAK MOONTON SAMA SAMA DRAK SISTEM GAK USAH MAIN MOBI LEGEND BANYAK DRAK SISTEM,2025-05-11 21:41:59
afc93221-7ded-4d00-9d79-56f8dcfd6c7e,Martin Simorangkir,2,lama banget terinstal padahal udah capek,2025-05-11 21:41:58
9a86762c-477e-419c-9c03-84d7ae86ef99,Yonaa Abisa17,1,game rusakkk,2025-05-11 21:41:36
5337f802-f2c0-4055-8249-2f593cb62837,Mohammad Kholili,3,Mas Moonton Tolong Kasih Tim Yang Bagus Dong TOlong Moonton Tolong ya Moontonn Kasih Lah Gua Tim bagus Plisss 😭😭😭,2025-05-11 21:41:00
f69d7146-f8e5-4cb4-beff-e78066295b30,Arya Suarsana,1,"min sesuain tim musuh sama tim gua, ga pernah bener dpt tim sumpah gua maen solo ketemu duo"" bego gua maen duo ketemu nya musuh full squad tambah lagi yang di ajak setim kek ta*k",2025-05-11 21:40:29
253a3d9d-1978-448d-af50-73b025d5c4fa,Yasmin Chrn,1,"game taik, gak ada bagus bagusnya, bodoh gak ada yang bisa dibanggakan",2025-05-11 21:39:53
ea0aa85f-e2a9-43c5-b8c4-bf7881cefc4d,Donnell Singleton,1,"jaringan sering down sendiri, pdhl sinyal di hp full👎",2025-05-11 21:39:19
122eb0ac-35c6-48f9-adb9-15d6c5c3faf6,Gali Gongli,5,gamenya bagus banget. kekurangan sih ada. tapi tolong pihak moonton. jangan terlalu keseringan laq. heronya bagus. pokok game ini mantap dah. Tim mlbb harus fokus pada seringnya sinyal putus saat main depan lawan. pas mati langsung bagus sinyalnya.itu ajah untuk sementara yang saya temui saat main. selebihnya oke deh.,2025-05-11 21:39:06
c67b656b-4348-4157-a060-589eeef5aee5,Riza Tony,4,sipp..dark sistem singkirkan..baru bintang 5,2025-05-11 21:38:26
e1f6d90b-68c9-4703-9f52-13d135111b28,Yusufprayoga Ranggono,5,saya pernah losestrek 5 kali di rising up dan pas saya menang saya sangat bahagia,2025-05-11 21:37:39
bee334c6-b06c-482f-8951-9098693b0fbc,Ria Oktaviani,1,"pembagian match making tidak jelas, rank asli glory ketemu tim nhytic biasa mana role nya sama, hadeh lawan nya full glory",2025-05-11 21:35:50
25232be4-720f-4beb-a3c9-5f673099c99e,Sonic Bagus Pratama,1,NI GAME MELIHARA DARKSYSTEM APA GIMANA?? DIREPORT GK NGARUH DONGOOK,2025-05-11 21:35:46
6cf82c83-5763-4e53-81da-e3ef9d9aac9e,"from you, 2k years old",2,"saya kasih bintang 2 karena game ini suka tiba tiba ngelag padahal jaringan aku bagus, terus ke apk lain juga lancar tapi ngga tau kenapa pas login mobile legends gamenya ngelag mulu delay banget, tolong di perbaiki",2025-05-11 21:34:49
31fb057a-ca6f-4de1-a193-7f2e4fc0f75b,MIKARI TACHIBANA,1,game gajelas match making dibikin ga fair biar kita lama main emg g pernah mikirin player😂,2025-05-11 21:34:44
e1b47aa1-62d8-4d63-9563-e9f0bf157b2a,Vano,1,game ya busuk gausah dowlond bikin stress sama kencanduan tim yang di kasih ga seimbang masa di kasih team busuk sampai lose strek 7 pertandingan gausah dowolnd bikin stress,2025-05-11 21:33:16
ed6ef0c1-7e2d-4e33-882f-eab6dc9b47a2,Rendy 1010,1,"lebih baik jangan download game ini bukan menghilangkan stress malah nambah stress lose treak sampe 5,10x kan pusing",2025-05-11 21:32:54
e5871058-09bc-43cf-95fc-29ae25154e55,Kallysta 321,1,"apasih game nya gajelas gini aneh banget di kasih ls mulu game bkin stres,dh gitu sering ngelag padahal kalau buka game yang lain ga pernah lag cuma game in doang lagnya huu",2025-05-11 21:32:49
949284ed-fa6d-4539-99c1-c8b6a7b5b219,Asngari Mars,1,tryhard bikin gila,2025-05-11 21:31:50
ac9f1623-1f16-4606-86b4-a3a448c21011,Junia Andini,3,saya GK bisa masuk ke game rilog trs,2025-05-11 21:31:15
4f944e15-83b7-4814-8896-1237b10c5b5a,Suttzun,1,"server ml ngapa ngelag² montodd jumping parah, gak jelas",2025-05-11 21:30:58
27b3a947-3584-4978-8f85-076ea626c91c,Naresha,2,"buat fitur fitur atau event uda bagus tapi ini masalah yg dri dulu ga kelar kelar, sinyal selalu jumping padahal jaringan aman aman aja😌kadang suka kesel sendiri lagi war tiba tiba ngelag wkwk jadi kalah, tolong diperbaiki biar pengalaman bermain ga buruk😫ngerugiin bgt pls",2025-05-11 21:30:10
1b0a9717-0033-4090-8e89-2a601dd12af1,bulakamba brebes,5,Game konntol,2025-05-11 21:29:50
6a903881-93bd-42a6-9195-e6abde487b25,Bilal Oke,3,"sinyal dibikin ngelek trus, paraaahhhhh mending ga usah main, msa sinyal dari Indosat, Telkomsel ga bner2 smpai 1minggu, up date minta trus, kapok dah",2025-05-11 21:29:46
6928bc86-ebff-4434-98bd-ba8f860c07b0,jihad bilhaq,1,perbaikan bug gameplay,2025-05-11 21:29:43
dcc8d3f7-3ebe-4b47-8415-4c25526db309,Dwi .M,1,"ANEHH. KDA BAGUS DIKASIH SILVER. PDHL DIE NYA JUGA DIKIT, DONGO BTUL",2025-05-11 21:29:07
c807a035-df8b-44c3-82d4-feba3abb27e4,Al Nazri,5,ngerii,2025-05-11 21:26:14
ec445f79-c90c-4c5f-95af-14b7afc29502,Hedy 79,1,kadang ml ngelag lemot patah2,2025-05-11 21:26:10
545d1881-6021-4c40-aa96-750551aa2c4d,LOVE,5,"mlbb bestlah jangan lupa main, and dan korang jangan bersedih ataupun geram ka mlbb sebab korang lostreak",2025-05-11 21:25:59
d45494f0-5e88-4215-abea-aa9bca45ef68,Yossie Pricilliaputri,5,"seru sih seru tapiii, gak tapi tapi seru deh pokok nya bisa di coba untuk pemula pake layla aja😋",2025-05-11 21:25:18
42d1bddb-afca-454b-bc9c-14f96ef40d7f,Achmad Nabil Haris,3,lawan ga seimbang penyesuaian Hero dibutuhkan kalo lane dah ke isi harusnya ga bisa diambil yang lain lahhh,2025-05-11 21:25:16
2b386e9c-de76-4834-9bef-e12341e7deea,Muhammad Akbar,1,tim kayak anjim,2025-05-11 21:25:09
a87256cc-8b83-48a4-bc62-f89b816a927c,Keanu,5,bagus banget sih bagiku 🤩🤩🤩 tapi lumayan ngeleg,2025-05-11 21:22:50
fd2fc54d-03b9-4567-9f2e-a9d54b583b8d,bang nanda,2,ping sering jumping pdhal sinyal bagus,2025-05-11 21:20:13
bffc223b-b7b5-4611-bd52-17f2bae1094b,Ardnsyah,5,"kasi tim bgs pls,cpe bgt buat improve",2025-05-11 21:20:00
41fa51a9-a84f-48d1-ba93-a53b8441fe8a,Bull Izyy,1,musuhnya berat,2025-05-11 21:19:31
58d191a8-f0ae-4776-974b-ed3ab47a4ff8,Wafiroh,3,game nya GK bagus,2025-05-11 21:19:17
5ec997db-11dd-40de-91b3-c410313902d8,Sarken,1,.moonton tolong nerf attack speed miya kalo di nerf ku kasih bintang lima,2025-05-11 21:19:14
91657512-42f3-4d7d-b355-7b1e6e3305b2,hanjo soyu parguso,1,banyak drak sistem pada ga tau main,2025-05-11 21:18:58
577ac8ff-61cf-4706-b249-f8a88629b83f,Benny Ubaidillah,1,karena game nya jelk gak busa main terus juga defeat mulu sama kan lagi ngelek padahalya tapi malah diaakui ituh afk atau diam di game males aku sama mobile legend,2025-05-11 21:18:30
5a5754e1-85a5-4591-95d7-a20538ac370f,mamanya novi,5,Asik dn enuenangkansangat menyenangkan,2025-05-11 21:17:48
a79f92f2-e24e-459b-bb60-ba0c6ac892ec,Tirta Gt,5,gem sebenarnya enak tapi musuh digem. begitu sangat sulit,2025-05-11 21:17:41
481c0df0-419f-4340-a552-7c0b6e5d3885,Nabila,1,BANYAK DRAK SISTEM ANJG,2025-05-11 21:17:06
9d941df2-3223-4125-b434-8ae6af272306,NICO ADRIANO,5,mantap,2025-05-11 21:17:05
336309de-2e52-482f-b32b-f3690e503ea5,Dani Fahrezi,5,bagus,2025-05-11 21:16:34
82e3e049-5c64-404a-a4d0-6e29c43397da,Ilyas Iskandar 999,1,membosankan,2025-05-11 21:16:30
6a74426f-f883-4d4b-ac82-e24889c2ca05,Bellvania Sinabutar,1,"Update baru makin jelek, hero jadi lemot, jaringan makin hancur.... benerin dulu jaringan. kalah sama game sebelah!!!!",2025-05-11 21:16:21
11b7a227-34d5-4bb0-b905-1e831ed49aeb,Selly Steevani,5,sangat 👍👍👍👍👍 baik,2025-05-11 21:15:42
73c0174e-b5fc-4d2f-95d6-9176ed12d2fd,Rehan Jonatan,1,"dari segi game sih udah bagus game nya enak di mainin,,tapi tolonglah Monton kalo ngasih tim atau lawan tu yang benar lah,,masak tiap main dapet tim dark sistem terus,banyak yang geser,,ngotak dikit lah tim dark sistem di kasih lawan yang pro,sama sistem gacha tolong di perbaiki lagi..",2025-05-11 21:14:42
a7c5665d-e611-41b5-a297-e830990d84d7,Azmi Gaming,1,Monton GK sayang sama player nya masa gua stk d mytik Mawi,2025-05-11 21:14:12
e18ca53f-580b-4fbc-8cc4-3f45c7c47d71,Lathif Aliansyah,3,"ga naik naik,gua bosen di pangkat epic",2025-05-11 21:13:51
fad4bdfa-9b9b-48b0-b179-10dc915cad7a,Hsnhch,5,sangat baguss saya suka,2025-05-11 21:13:43
ba95d924-8aae-420d-919c-e77c82049484,Adib nazhim_87 An,5,mantap,2025-05-11 21:12:17
aae88d6b-d9d7-4993-bf95-ba32e883870f,Fasodatul Farida,5,ini sangat bagus tapi gw sudah rank immo pensi pas GK taunya ada naruto,2025-05-11 21:12:15
8f6a50fe-5ef9-4c94-add5-af3fe5c5955a,Poga Garudi,1,"Montoon buta maap,, dari zaman buah sampai zaman Batu jaringan geme ini nga ada perubahan 60ms gleg minta ampun",2025-05-11 21:11:46
cc2af2e6-838a-4b98-ae4e-5dbbce690b70,Suif Motor,1,kenapa loading nya lama kali cok,2025-05-11 21:11:45
e593806a-a0ac-434b-8d66-8ce82151f35a,Umar Ghozali,1,"woy.. kasih tem yang seimbang... biar adil... masa tiap kali mau naik, di kasih yang lol",2025-05-11 21:11:28
2e4755c8-02e1-4b82-b24b-72d6ceb1ba9a,Arimanaff B,5,ok,2025-05-11 21:11:15
cf504fd7-9c63-4f85-ade4-171dfe0c8d87,Sultan Sultan,5,Saya bermain bersama teman saya dan saya lose streak dan saya sangat senang 😭😭😭😭😭😭,2025-05-11 21:11:15
d270d23c-0f27-4269-b32e-2618465649d9,Siti Nabila,1,uninstall! game burik mati suri ini saya setiap main pasti ngelag padahal wifi dan jaringan bagus dan setiap main rank pasti menang satu kali tapi kalo kalah bisa sampai 5-10 kalah main buat have fun malah jadi stress losetreak Mulu gak pernah winstreak kalo ngerank dapat tim dark sistem tapi kalo musuhnya pada jago² bahkan pernah ketemu top global. dapat tim epic tapi musuhnya pada mantan glory atau immortal. 😠😤,2025-05-11 21:09:02
b19c7fa4-54eb-4a5e-b809-50c23ca28a60,Riziq Fico,1,"ni game bikin stres kah? klo ga niat bikin gosah bkin,jual aja",2025-05-11 21:08:39
45c7b584-92ce-4520-92b1-a87b6c2ee584,Setiawan Gunawan,5,sangat menantang dan menarik,2025-05-11 21:08:11
e2231dd8-6c71-4673-975b-412533919da0,Akunmlff 123,1,"Game slot, menang/kalah udah di setting, kasih tim dragsystem semua giliran musuh jago"" jadi berat sebelah, game rusak",2025-05-11 21:07:59
0e6b1282-9be3-4579-89fb-beafafffc1dd,Next Jaww,5,Mobil ex naruto,2025-05-11 21:07:44
e5ad718b-c716-4d80-9432-cd415a040f6d,Sae Podin,1,TOLONG HILANGIN DARK SYSTEM MOONTON PLIS SAYA SUDAH STRES DAN KENA MENTAL GARA GARA LOSESTREAK MAIN MOBILE LEGEND,2025-05-11 21:07:03
b3e4f786-77db-4bf9-8ebb-247ce248fc0c,MUHAMMAD ZIDNEY,1,permainan nya sangat sulit dan tim nya beben,2025-05-11 21:06:46
2bf3db7c-4ae6-4765-9e99-08e07c08106e,Dori Livi,1,games banyak derek sistem,2025-05-11 21:06:10
15fec635-923d-458d-91cc-5b4307dd8487,Johan Waat,5,game anda sngt bagus kerana saya telah dibagi tim yng Bagus dan hoki dpt skin Kakashi 100 kali draw,2025-05-11 21:05:34
d2fdb53f-f1d4-4b89-967e-b0195ed170e3,Ramadan,1,lama2 kelamaan igi game GK jelas,2025-05-11 21:04:17
b4176c67-4f7f-4668-8d7f-b3aa436ff6f4,Wito Nyenuk,1,gem cacat kek babi banyak dark sistem,2025-05-11 21:03:24
2aab4456-4b29-4f5d-888d-4e397b7863a1,Wildan Laksamana,4,Sangat baik,2025-05-11 21:03:04
deca02f7-54b1-407a-8df8-409e135e4316,Aldi Prasetyo,1,"gw kaga ngerti lagi sama ini game kalah terus, kasih gw winstrake moonton",2025-05-11 21:02:50
ac28eaca-a70f-40fc-8b23-d9d08498c78c,Elmm Iiii,2,"Ada dark sytemnya,gk suka Lo glory,dapet tim apes mulu.nyeseldah kalu udah sampe mytic mending main hok game seblah",2025-05-11 21:02:41
0beaab5d-6bc3-467e-9f26-83496b9c91ce,Ahda,1,game jelekkk kga fpp,2025-05-11 21:01:44
69f53308-3e06-43d9-9b36-316d5dddd66e,Firza Saputra,1,"niat kasi menang ga si, udh cape naikin bintang tinggal 1 langkah lagi naik malah di bikin kalah, kalah 3 sampe 4 kali lagi ngotak dikit lah",2025-05-11 21:01:27
e477d7a1-9e40-4035-b098-9c08fad013e2,Tiung Fa,5,Terbaik,2025-05-11 21:01:11
d051c1ea-12d0-4b27-95e2-1ae231cd8dd3,Tri Wahyuningsih,4,lumayan INI game harus ada stretegi Dan Saya suka karena grafisnya bagus OK,2025-05-11 21:00:08
fbc0b1fb-8de3-4f4e-920c-012ef36fd149,Tutut Kurniatin,5,enak,2025-05-11 20:59:57
e78484af-fd32-408c-8ab3-9750710d866a,BSK DRAGON,5,Game Ya ok Lah Tapi Tim Ya Gak Sesuai Harapan 😔 Padahal Mau Mitik Pengen Malah Ngstak Di Legend Mulu Naik Turun Tolong Di Sesuai Kan Tim,2025-05-11 20:59:00
9df8f5b4-7f5c-4776-8860-819232de5025,mass sacco,5,"skrng maen ml nmu tim aneh""",2025-05-11 20:58:00
c2874922-852d-4017-8f6b-28ab60c2525e,Raffa Ramadhan,1,"woy ini game seru banget, klh menang pun ketawa aku dan happy, ayoo main kan game ini biar tidak stress 👍👍",2025-05-11 20:57:53
d4bf4768-cb0c-4d2c-8a3a-e4a306f7cdb8,Haris Luthfi,1,"kasi team yang betol lah, ni darksystem semua. Ngotak lah, game kikirr tak ramah, stresss",2025-05-11 20:57:20
042156f0-64a7-4c4b-91b5-3c007a950469,Siti Puji astutik,5,bagus,2025-05-11 20:57:08
d5215332-57d0-421b-b9fe-5b8a25739906,Adnan Khadafi,1,gw mau naik legend gak lu kasih ya gw naik legend ya Moonton,2025-05-11 20:56:52
606697d8-67a0-4eea-92c8-b46687c52be0,Riky_,1,woe perbaiki jaringannya wahai Developer,2025-05-11 20:56:18
ff6d96c4-dd53-4936-8d5f-5c96431e374c,Ibrahim Ibrahim,1,game jelek burik bott punnya tim nyampah beban ini game pertama yang buat saya kesel jelekkk🤮🤮🤮🤮🤮🤢🤢🤢🤢🤢🤢🤮🤮🤢🤮🤢 pokoknya jelek banget jangan didonglot ini game sangat jelek bangettttttttttttttttt,2025-05-11 20:56:17
f04db2fd-0cdb-487f-8e45-70bf178f45c8,Marcello Daffli,5,mantapp,2025-05-11 20:54:46
9ecfada1-0beb-496c-978c-3360b7f8af0b,Ahmad Zaenal,5,ngasih tim yang bener lah,2025-05-11 20:54:22
d077370e-05d5-41d1-b5c6-8d738b3b7dd9,Yosia Tatinting,5,😁,2025-05-11 20:53:47
0c831808-14c7-45d7-9c30-bfc4df82641a,Microsoft Acoount5226,5,Game nya gampang seru tapi banyak dark sistem gamau kerja sama egois tapi itu seru saya mendapatkan banyak teman,2025-05-11 20:53:21
f606b5ea-abf8-4f8d-b2dc-27435f9a6eae,Revan Permana,5,mas moonton tambahin fitu kalo ada yang chat lewat mlbb ada notifikasi nya kayak roblox,2025-05-11 20:51:38
60f23a55-b899-473c-894f-7c2833f0cf2c,Adicahyawiguna,5,walaupun kalah Mulu tapi gw ga bosen karena kalah,2025-05-11 20:51:22
a34a0a62-f31f-461d-aae1-ed916961b526,ryusei el,5,bagus dapat dimainkan saat waktu luang,2025-05-11 20:50:26
ff73fddb-ccc0-45ae-aab0-25e6a3c08c36,Haiffa Zahrotussita yasyifa,1,"najis banget kenapa harus di kasih lovers gitu sih, boleh cuman kalo loversnya ga tau diri suka ngejek mending tu fitur hapus aja ton ^^",2025-05-11 20:50:03
8c974f18-fb07-4196-b771-bc600ef66685,Aqifa Naila,5,ml keren👍🏻,2025-05-11 20:49:34
e6bbe153-cbe3-4664-beff-d0d2a6fd9f5c,Gunnnedi,5,game yg bagus,2025-05-11 20:48:14
44f3a4ae-67d2-4e04-95ad-f80a09aef25d,Dian Darmilah,5,seru sekalih,2025-05-11 20:46:46
256fd9f0-c55b-4975-ab03-5a99b755d0a7,ARA Risa,1,giem gelek kaya ajig basok godek kalo bisa di dudup gema ajig ini acong bodek serigala gelek ajig,2025-05-11 20:46:19
53e90199-0307-4bf2-b7ce-72d87289ff69,Ferdian Adinugroho,1,game yang sangat buruk jangan sekali memainkan game ini jangan sampe org download game ini bikin orang egois game yang pertandingan sangat tidak valid masak glory di temukan dengan legend apakah imbang?,2025-05-11 20:45:36
8e0c9de8-9b46-4b5c-95c0-8e4e55f961f4,rizky Aditiya2,1,yaaa miskin bagusan hok,2025-05-11 20:44:06
f362e4a8-f483-41f9-b583-aa9baad84a92,Dadan Kurnis,1,game teak,2025-05-11 20:43:47
a952846d-763a-4882-b19a-e704f401595c,Fahmi Isa,1,tim musuh Ama tim sendiri gak setara level nya,2025-05-11 20:43:45
c9c75adf-a1b7-4081-9f44-873751a97af2,LALU AKWAN,5,gua pensi ff demi bisa main ml,2025-05-11 20:43:42
9ac5dad7-12e6-4f22-818a-615377b01b63,Syafiq arkhan,5,hebat bagus,2025-05-11 20:42:51
d14e0c69-581f-4dc1-8573-955882bd89be,Iqbal Febiansyah,1,plis lah moonton ku kan main solo dan rank gua glory kenapa kok selalu ketemu trio mana trio nya legend pula tolong lah machmacing nya di benerin saya sebagai player solo sangat muak dengan game ml mending ketemu legend nya satu atau dua kali lah ini ketemu terus kan aneh,2025-05-11 20:42:28
f158a518-233f-4b59-a66b-e912a42ce210,Haris Maulana,1,jaringan nya,2025-05-11 20:42:06
6925b2ce-57ff-43aa-8baf-4cabd3758a62,Ciko Surya,5,mantap bener ini game kolep Ama Naruto monton tau aja kalau gua wibu 😁😁😁,2025-05-11 20:42:03
3136de9f-f27e-447f-bd0c-20e98bcc023b,Kediri Lagi,1,game nya selalu gak adil masak masih epic di kasih musuh legen gak adil banget main rank lose Mulu udah gak seru ini game udah gak seru! mohon di perbarui saaya baru bisa maafkan seharian aku marah marah gara gara MLBB gak adil,2025-05-11 20:41:32
78086c66-1e03-4273-b51f-b6cdd8f5ba9a,Permana,5,Mantap kali ni game cocok buat orang yang ingin belajar bersabar,2025-05-11 20:41:10
28aef1c2-647e-4a7e-a56e-5c37e8d520fe,Andika Bae,1,gak ada Hero gratis yang epic ff ada banyak sekali bagus baagus,2025-05-11 20:41:03
3ba1eba5-d831-4165-80d8-a6ab0ab3073a,Awan Merauke,1,tolong kah monton... masa kita solo rank ketemu nya yg dari sistem trus.... tlong yg dari sistem ga tau role di bane seumur hidup biar kita ga kcewa mainnya...,2025-05-11 20:40:02
54cb7890-6265-4f66-a369-009eb495eb6a,Arzetta Siahaan,5,saya sangat suka dengan game ini,2025-05-11 20:39:19
23ea3ce1-bfb5-4d92-9344-a33fe6b7c250,All jabbar Sahaja,5,seru baget,2025-05-11 20:39:14
c4eb5e8e-feea-4c69-a7c5-8c9bd47f65cb,Bwg Han,1,kurangi dark sistem ya montoon. nyata nya masi banyak dark sistem di tim. lalu dikasi musuh yang jago jago mau mitik naik turun legend,2025-05-11 20:38:59
ce217467-144c-4c4e-af59-519d4ea82d02,Freda Freda,1,coba mudahin saat mau ganti akun: try to make it easier when you want to change accounts,2025-05-11 20:38:45
5c34259d-2d45-463b-a554-a16bd6b68190,Aulia Royhana,1,game ga guna ga usah di mainin,2025-05-11 20:38:43
5a314cc6-d2ba-4848-934a-2dc956b1eb97,Lintang Best,5,game yang baguss,2025-05-11 20:37:22
99945275-0110-4566-8257-fe5f7980a9e5,Yunus Susanto,5,geme ini sangat menyeru kan,2025-05-11 20:37:16
e5af4dc3-ef0b-417e-87b1-a06308f2a765,Darul Arifin,1,game qneh,2025-05-11 20:36:04
7aa6589c-88d8-4db2-bc77-55342516273b,Hanum Bro,5,game jelek taoi bagus,2025-05-11 20:33:48
a283a794-e74e-4c8f-87bd-c76ea11f7e6d,Alfi Alfandi,5,gemesnya bagus banget mulai dari vidio emot skin map keren ada skin gratis mantap emang kalau gini,2025-05-11 20:33:41
905a8d99-c641-424f-9f81-4efe4c911e4a,Ahmad Yazid Yusuf,1,bikin anak berbicara kasar atau jorok,2025-05-11 20:32:23
d1cf5765-be67-4ce7-9998-75433983a765,Rehan Abdul muhi,3,Game nya bagus tapi kok kaya gak jelas gitu ya terutama pada jaringan ini game tidak ramah terhadap wifi padahal jaringan bagus tetep ajah patah-patah Tolong diperbaiki,2025-05-11 20:31:50
1b980d67-7cc7-46c7-a1ae-cc8c0079d126,Muhamad Wildan,1,"monton, ngutamain sekian sama grapik tetapi tidak dengan sinyal selalu leg leg gembel",2025-05-11 20:31:32
3e619d67-e4df-4a76-ab48-6bdadc440b41,Kasih asih Asih,5,Apa sih monton sekarang Hanzo jadi gak jelas,2025-05-11 20:31:18
9ce57bef-e09d-45c5-b811-a64ddd8a188c,Aby Ibra,3,"lu main ml skill lu ngga bakal berkembang,karena lawan lu udah di atur sama sistem yang belum dewasa.",2025-05-11 20:30:18
1a5bae98-3ba2-43ce-8df4-4c468043a2fe,Budyono Hermawan,5,maaf ka kemarin Ade saya yang ngomong tapi gem ini sangat bagus,2025-05-11 20:29:34
09ae90ae-eea4-450a-9f3c-730ff7accb9e,PANZZ STORE,1,"dapet tim nya bot terus bg, plis rank saya naik turun terus, tolong di sepadanin bang",2025-05-11 20:28:55
5948852e-7536-4fd3-8441-cb238b8ca48f,Firas Nazmi,5,ok,2025-05-11 20:27:06
3e88266a-e64d-40ac-ad87-57aab8a97283,Halim Budi M,5,mantap. mana nih hadiah diamond nya,2025-05-11 20:26:00
62b10185-964a-4037-aaf8-9bd12aa0e981,aprilina triw,5,seru bgt cuy,2025-05-11 20:25:58
47354dab-0922-4f1d-a8b5-f4bb8f7b3e45,Anabel Runtuwene,1,"gk suka banget soalnya rank nya selalu turun naik terus,apalagi tim nya selalu dapet yg gk setara selalu aja kalah terus!!",2025-05-11 20:25:51
37d26a8c-b13c-4dfb-a6d5-8a6f07970768,Muhidin alfariji Channel,5,"boleh juga coba bloody Roar Mary min, seru x ya bisa berubah²",2025-05-11 20:25:45
b6004243-b967-44fd-848e-93834f2b67e4,Aditya Saputra,1,karena ngasih musuh yang gak sepadan,2025-05-11 20:24:05
0a5c7adc-622d-4490-af07-7285963b6b7b,Raysa,5,saya pengen mitik,2025-05-11 20:23:32
c2dd43e1-c1d8-4738-a739-2b6eaf8f77c4,Purnama Lia,5,tolong dong kasih lawan tuh yang seimbang gua main lost trus masa lawan nya pada jago dan pada sakit lawak moonton sinyal juga gak normal babi emang,2025-05-11 20:23:06
33d9c2be-6462-41ab-975f-42c1a794bf70,egii Paul,4,banyak pemain toxic,2025-05-11 20:22:46
03de6642-6e09-4ba6-9fa0-e2d0052ac370,Tomi Tomi,5,keren sekali game nya saya sangat menyukainya walaupun game nya banyak dark system. montoon tolong untuk membuat event pilih salah satu skin epic gratis 3 itu saja mohon maaf aga panjang tapi dari segi game sangat seru plis fixed bug wifi ya moonton🙏,2025-05-11 20:22:29
3ab41a13-ca76-43d3-8af3-4d26dca9b113,Risal Risalpadil0808,5,aku suka ini gem,2025-05-11 20:22:24
40492b3a-f085-40d5-9954-afe5daea8ca1,Rizky Ramadhan,1,matchmaking selalu tidak seimbang.,2025-05-11 20:20:26
9c0e12df-ad27-4d7b-acf4-42b0d4cacafe,Andika Lis sitompul Lis sitompul,5,game ini enak,2025-05-11 20:20:26
9ac6bf85-f0a8-489c-81e1-d80a516a4361,Endang Prima,1,game ny susah banyak dark sistem pada tolol semua pelayer ny apalagi pas di rank epic,2025-05-11 20:19:53
14db06d5-1f70-4350-b912-680b4cbff4cf,M ISKANDAR,1,terinspirasinya kbangetan...🤣,2025-05-11 20:19:45
28b40f3c-aaf9-4db4-9cf6-271e5d53c463,Parel Indra P.,5,game nya seru,2025-05-11 20:19:34
3d07dd8b-20cf-4164-a26a-d61d2cfeffb7,Klem Pet,1,geme bkin emosi..ngasih tim tolol terus..dah qbuang aplikasi y qgak kn main lg,2025-05-11 20:17:55
c3de6448-606b-43bb-98e8-89eefcd04ad6,Tomi Aprizal,5,bagus,2025-05-11 20:17:35
12e55abb-e23f-483c-af2e-e97045733dd1,Ansar 123,5,gem ml bagus,2025-05-11 20:16:53
db45b961-13db-4f7f-b5d6-f0611e231c4d,Rahmat KURNIAWAN,1,"hapus Hero hanabiiiiii, nyusahin tim doang apalagi Hanabi player jawaaa",2025-05-11 20:16:45
f2794bce-54a2-4c17-b2d7-7d12d60f0198,Haikal Nugraha,1,ini adalah game terkutuk yang gua download,2025-05-11 20:16:34
a4378fe8-3f1c-44ed-8973-e961fcf9a036,Dede Kedel,4,ok,2025-05-11 20:16:08
fb62f554-58c2-4770-b30e-4ae70d7c865a,Trans Jakarta,5,TOLONG PERBAIKAN JARINGAN NYA SAYA LEMOT MULU PAKAI 3,2025-05-11 20:15:46
33133236-b2b5-4dc6-8bce-59e9b128b113,johan Kiki,5,sangat bagus,2025-05-11 20:15:44
715c33aa-5323-4426-948f-eec485435e8f,Ahmad Ramdhan,5,menyenangkan,2025-05-11 20:15:24
04e407d3-149d-4d74-aabc-0e86a7bfff89,Dimas Rezky ardianto,1,game nya banyak dark sistem saya tidak akan lagi bermain game ini selamanya,2025-05-11 20:15:16
91efa744-30ab-43fb-b4c7-5a864d3c5634,Ridho Aprianto Mihardi,5,makasih ya udah jadi apk penghibur buat aku saat aku kesepian dan hancur mental batin dll karna keluarga dan percintaan,2025-05-11 20:14:29
39f328b3-0e98-456f-8c28-30e48fe9334c,Fatur Rahman,4,ml seru,2025-05-11 20:14:26
109fd881-fa98-4ba5-8e35-7cd064257eba,Arifin One,1,Ketemu tim aneh,2025-05-11 20:14:21
41340de8-52a6-4288-8bed-6508a88d28fc,roni Dozen,1,permainnan ini dongo tolol kalomain keambilnya kuotanya aku juga main kuotanya langsung sedikit,2025-05-11 20:14:07
6ac98f18-eec0-4da9-87f3-ff0b1faee78a,Medzz4you,1,ml bikin aku gila karna aku udah mau lejen malah di kasih tim ga normaluntuk muntun tolong ngasih tim pake otak aku mlah jadi gila karna lostrek terus padahal aku mau lejen 2 bintang lagi lejen malah ketemu tim drak sistem jadi buat muntun kasih lah saya lejen atau mitik,2025-05-11 20:13:24
cfe66865-2930-4215-9051-f1754278a77d,Jonathan Panjaitan,1,gua main dikasih tim drak sistem Mulu gua pengen org yg ngetrol di game itu dikasih pelajaran yg berat dan lu montoon gak adil,2025-05-11 20:13:22
8ef41a39-eb97-41fa-b2fd-ea3586cede48,Adil Pratama,1,"kembali kan uang top up kuu, sepanjang ku main kan game lain ini penyesalan paling terbesar ku top up . main bari tim sampah terus di 5 permainan . KLW bisa ku tuntut",2025-05-11 20:13:21
7ce493a6-f313-4586-b24a-7e82e925c3f7,Anasi Alwan,1,"kalau menang sangat hepi tapi kalau kalah bisa bikin stres, untuk moonton tolong kalau kasih tim dan lawan yang sebanding masak sih kamu gak kasihan sama player kamu yang kamu bikin defeatd Mulu🙏🙏🙏",2025-05-11 20:13:13
0c48c784-459b-4188-8b76-a8500a49af5a,Selen aliya,5,seru asik dan kagak nglek,2025-05-11 20:13:01
acf7d972-6e99-45e8-b6dd-905329c03b46,Siti Mukaromah,3,ngelg kan,2025-05-11 20:12:29
f22e25e5-b269-4603-bda7-7161290587b9,Muhamad Rizki Maulana,3,"tolong lah moonton bikin event elit, bikin jaringan stabil sulit",2025-05-11 20:12:27
df8436b2-3d9c-49f9-9a8b-0de4e990b3c5,Rafly,2,aku asal main lostrek terus nggak ada win gem apa la ini,2025-05-11 20:12:27
13d23bef-09fa-48a9-a5ba-a8c0fbfbbfa8,Satria Barra,1,game ngelag babi bikin turun rank aja,2025-05-11 20:10:57
e20724df-8768-4381-a63e-b954b6716368,Azis permana,2,lag parah sampah,2025-05-11 20:10:08
99de1d3f-8fee-42a4-a523-1277c20b7dba,Aji Kentod,1,"kepada yth bapak/ibu pihak montoon, tlong hero kagura di naikkan damage nya istriku mengeluh karna kagura sekarang tidak ad damage nya.. sekian dri saya. jangan buat saya marah hormat Saya @ aji firmansyah",2025-05-11 20:09:56
5e9d90d2-2940-4800-b623-8407d7c74f1e,Azrul Amilin,1,jaringan di benerin jangan skin terus yang di update,2025-05-11 20:09:15
d7677479-4c20-4adc-aff6-98ee92f27fd3,Nong Boss,1,"kasih bintang satu dulu, surat terbuka untuk moonton tolong di perbaiki lagi untuk masalah sinyal nya, padahal sinyal saya full, tiba tiba pas war malah ngelag, pas udah mati baru lancar, sumpah ini bukan ke dua kali nya moonton, tolong segera di perbaiki, jangan event doang yang di perbanyak , tapi masalah jaringan juga di perbaiki, banyak para player ngeluh gara"" jaringan, padahl jaringan lagi full",2025-05-11 20:08:57
3d717493-98c6-4ffb-86fa-1c9984d7fe7c,andre Fadil,5,gamenya sangat bagus,2025-05-11 20:08:44
bfd30d24-d552-45fd-bc40-14d3497605f9,Bagos Ari,1,"di trol mulu, dapet teman sama musuh yang ga adil",2025-05-11 20:08:37
d6f151a8-1a02-49f5-b639-c10739e5dfd6,Miftahus Susika,1,ml terhebat,2025-05-11 20:08:17
c4c27acb-a45d-4307-b66e-5fa7e04ca32d,Rikii Ramadhanii,5,mantap,2025-05-11 20:07:58
da2758ef-3bdd-4ba7-941c-b25773ef3cca,Abdurrahman,2,apa ni dulu bagus sekarang banyak banget player yang troll pake Hero yang sama di mytik sering ngeleg pula,2025-05-11 20:07:47
5da8a2f6-b956-4b82-9540-6168d0b1020d,Aldama,4,lumayan,2025-05-11 20:07:37
81bd42da-6ae3-4bdc-ac47-91ae156fd868,Kaki Kadal,1,moonton bngst ngasih game ngelag,2025-05-11 20:07:36
bc8d3048-f44d-4e40-9022-523b18e01c3e,Priska July,5,game nya seru bisa mabar lagiii pokoknya bintang 5 deh buat game ini,2025-05-11 20:07:19
a25390e0-6f16-4553-bd93-49ed83c065ed,Zika,1,game burik gj game rusak,2025-05-11 20:07:01
a044c070-7592-46a0-86dd-a31b4f41b1d0,Viola Musyahabah,1,Musuh nya sama tim nya ga seimbang kalah trusssss,2025-05-11 20:06:57
0f567322-bf49-4e11-abea-10d4bdd2448e,Abzzz Rull,1,game ini sering banget bug jaringan dan monton tolong benerin bug ini supaya player ml pada nyaman.,2025-05-11 20:06:38
a2eb919e-868b-4b5e-a5df-6ca776e45867,Cermin Berlian,2,game gak guna,2025-05-11 20:06:32
25453759-82c3-4e2b-b1df-771ec5da1a24,Risky_iki Pratama,1,"banyak org kaga jelas, game nya seru tapi pleyer nya tolol",2025-05-11 20:06:21
c6b0de1b-6ec4-402b-96b1-fca2693f6886,Apri Merda Tama,1,angsih musuh nya gak ongtak giliran tim gua orang baru naik legen ™lampros™✓,2025-05-11 20:06:08
8e149c59-1f7a-4228-9cf2-00ddb1d5d144,Aldi Syaputra,1,makin lag makin lag makin lag parah ni game cuma buat orang kaya yang hp ya bukan kentang parah moonton,2025-05-11 20:05:40
194901f0-36e9-4885-b2a3-8365c28451b4,Natasha Yolanda,2,gamenya lumayan tapi aku gak pernah naik rank males mainin nya jadi saya minta tolong agar rank saya tidak itu itu terus saya sampe males kalo kaya gini ngelag lagi padahal sinyal lancar wifi nya juga lancar,2025-05-11 20:05:07
de5c5b1d-0bda-4d14-881b-69fdbde968d1,indra saputra,1,plis montoon perbaiki sistem timnya dari tadi saya ls terus sampai epik 3 bahkan sampai epik 5,2025-05-11 20:04:56
3e5e1cc2-9b8d-46e9-8cf0-45d74eace658,Hafiz Hamdani,5,BANYAK DRAKK SISTEEM,2025-05-11 20:03:10
e04a64e6-1ffd-4d7d-a9cf-c7611585ea6b,Hadijah Dijah,5,keren banget 😍😍😍😍,2025-05-11 20:02:33
fad55b4b-a00b-4257-8acb-84b488fab28f,Vivo Y30i White,1,game kok kalah mulu,2025-05-11 20:00:33
947dd747-5371-4d04-a88d-6cf6425e820d,rania Azahra,5,game nya bagus dari dulu gw main game ini dari HP gw masih kentang sampai gw ganti HP yg baru masih gk bosen bosen soalnya banyak hero atau skin baru setiap hitungan bulannya 👊👍👍👍👍,2025-05-11 19:59:11
91fd30d0-02f7-4820-ab5f-9408d632ebe7,Bukan Maenn,4,ngeleg Mulu setiap main dapat tim nya juga ga sesuai,2025-05-11 19:58:01
5f1d3b1c-4842-4963-8385-5fa0215d51a8,Salsabila Putri,5,ini game memang seru menurutmu tapi karna orang lain nge trol langsung marah aku bjir,2025-05-11 19:57:36
b7210086-c99d-478a-8ac8-890e9734a3c4,Robby AkbarA,1,"matchmaking moonton gak jelas, pindah game aja",2025-05-11 19:56:08
fb703faa-3fda-48bc-a3d7-24d9f0f261ab,Morgan Whitaker,1,"MINIMAL BENERIN SISTEM MATCH LU MOONTON MANA ADA ORANG YANG MAIN MENTOK² DAPAT TIM BUSUK TERUS MASALAH GAMEPLAY GW? UDAH BENER BOSS GAME LU AJA YANG G NGASIH GW MENANG TERUS BENERIN TUH GAMEPLAY, MANA ADA ORANG MAIN KALAH TERUS KALO GAK SISTEM LU YANG NGASIH TIM DONGO TERUS GW UDAH KIRIM EMAIL GAK DIBALAS, DM IG JUGA ENGGA, COK COK GAME APA INI, SLOW RESPON CUSTOMER SERVICE NYA KEK NIH GAME PALING GEDE SEDUNIA",2025-05-11 19:56:02
710683a5-ab91-4492-89a8-8a3463013a28,Zaki Aufa,3,game e pelit muntun kikir gratis i skin lah anger ora top ap e men murah,2025-05-11 19:55:14
2f6a1a61-31bd-48d0-9a5e-5ba96e8c63fc,Alvaro,5,mantap,2025-05-11 19:55:08
af66429a-53c1-417a-901d-b7a9bc036345,Hermawan Pratama,5,"Saya suka dengan game ini , tapi sayangnya jelek sinyal",2025-05-11 19:55:04
050c9724-da1d-4ad4-8e3f-cf7357495d49,Dika Jatnika,1,lain kali yang bocil bocil bekas game burik jangan di satuin susah gua gendong nya udah 5 jam GK nain 1 bintang malah turun,2025-05-11 19:54:08
8299ecfe-b01b-4c5b-bff6-ba825a8734a1,Harvester,5,bagus banget,2025-05-11 19:53:49
ca3c0ed9-2906-4fe2-973d-f49a8d4d148f,PASUKAN HARMET KOTA,4,baik,2025-05-11 19:53:35
a0baebfd-5922-43ac-b437-9c74eeb5a2e1,ess kontol,1,ml mati suri,2025-05-11 19:53:27
944f1222-4869-4c96-bc18-92af3f9519c3,Muhammad Jafar,1,sinyalnya patah2 mulu semenjak updatean terbaru,2025-05-11 19:53:17
b60686b5-8d18-4290-8d7a-db6d5a0c6ec9,Hasyidan Radifan,1,"game rusak, server makin rusak",2025-05-11 19:52:45
fba7b04c-baf2-4b76-a6ac-041294ab8027,Sugito Solo,5,gamenya seru bangettt!!,2025-05-11 19:52:03
e40f8d20-d12f-4bbe-be3e-2d53bd2a5d57,Dihan Rizqi,1,taekkkk,2025-05-11 19:51:48
3041eedd-14e8-41eb-8e5d-aefb70b6f15f,young flay,5,"game nya seru udah main dari 2018 dari saya kelas satu sampe sekarang udah smp aja,dulu ga ngerti apa apa main ml masih pake akun guest terus hp nya keriset akunya malah ke hp orang wkwk,tapi sekarang udah buat akun baru,maksih ml udah nemenin dari kecil sampe sekaranggg💯💯💯",2025-05-11 19:51:11
3afd4ea8-f001-43c7-82ac-a8ae1d9b1772,Rendi Rendi,1,game busuk banyak leg,2025-05-11 19:50:58
e5537aeb-0d5e-487a-8044-73d66c67db82,Raihan,1,"pembagian tim g adil banget ya, tim musuh ex glory semua sedangkan tim sendiri rang tertinggi nya mitik 19,game ga adik",2025-05-11 19:50:52
74f0d646-e6f3-4408-8c5f-8be7eafe1dcd,Raffa Nadhif,1,game kikir game jelek game bikin stres,2025-05-11 19:49:54
e0cb7916-f281-4899-982a-91b39db9705c,Upin Maulana,5,baguss,2025-05-11 19:49:51
279190fe-59c5-4b9f-a83b-144e25cca3d7,Sendy Kurnadi,1,MOONTON TOLONG PERBAIKI JARINGAN SELALU LONCAT MULU PINGNYA,2025-05-11 19:48:58
70d3d468-8f52-4d5b-8f25-8775168c9706,Andri Mahesa,5,ok,2025-05-11 19:47:45
fcccceac-4ca1-4f8b-9e66-6fd51601a9af,Sugianta Mertasaputra,2,"game nya rusak, tim di kasih dark sistem tim musuh malah pro, game apa ini montoon tolong di perbaiki",2025-05-11 19:46:50
4f7a9d4f-8556-4d4a-afa7-5b61a58a9d31,saka revv,2,gamenya jelek,2025-05-11 19:46:43
50e95934-5732-4ccc-92f4-6face694bb73,Bryan,1,"benerin sistem laporan lu, gua gada salah apa2 di dikurangin kredit score nya, dikasih tim yang kaga seimbang terus, game lawak",2025-05-11 19:46:30
c53a9e36-75a9-49dc-ba29-e9e8df52697a,Chenly Putuli,2,kok makin d update ni game makin menjadi-jad jaringan nya ya?,2025-05-11 19:45:38
c5bf577c-b834-47cf-a3aa-6dae044dc0d5,rama ali,1,"Gem gjls bnyk buf, btulin buf donlot data nya sering ngulang bikin pketan cpt abis, terganggu, gem lol gjls bnyk buff taii",2025-05-11 19:45:02
0b915b7c-ac23-4251-a9b4-26bd7b00bff6,Gilang Nocounter,1,"game dungu, tiap gw main dikasih tim tidak mengerti apa itu strategi main, memang benar game ini perusak mental, seharusnya berilah tim yang selaras dengan tingkat rank/skill, gw main 8 match full MVP kalah, game tidak berguna, berilah tim selaras yang memang skill, kondisi yang stabil jangan malah beri tim yang tidak selaras, saya prustasi jika main solo kalah terus dapet tim bocah, saya tau ini hanya game, tapi bagi saya dibanding game lain ini game yang sangat berdampak negatif pada mental",2025-05-11 19:44:51
f5971056-954b-4db2-8306-26e63264cf9d,Candra Wibawa,5,Bagus dan say menyuakai nya,2025-05-11 19:44:29
c216211c-e0bd-4d4b-8b11-cb693f170d9a,AZ_ GEMING_,5,Bagus,2025-05-11 19:44:27
90639592-d78e-4a27-b251-a6faecb353dc,Muhamad Noval,1,"game ramah banget playernya pada sopan semua,saya kontes turtle pake retri Indomaret malah didoain panjang umur dan sehat selalu,bahkan ras saya sampai di junjung tinggi nama baiknya,gander saya gak luput dari tebakan mereka",2025-05-11 19:44:11
5cc8402a-de7a-4ff0-b95a-3f3419e845ca,Dimas Cahaya,1,montoon ngetot benahin sinyal dulu baru Collab sinyal lag Mulu bug,2025-05-11 19:42:52
ffa060f1-dec8-40f6-b26d-5c78ed3f26bc,Lina,5,good job monoton,2025-05-11 19:42:47
35cf08ef-02a0-4337-99b0-505c14105ef1,Zalfa Qiana,5,game yg menyenangkan dengan event skin collab yg murah murah,2025-05-11 19:42:38
6a18db7c-ca12-44aa-a434-0981cb410261,Pandu Surya,5,Kece abiss,2025-05-11 19:42:06
3f550cdd-5524-455e-a281-4c212ceeddb0,ds styrn,5,seru game nya,2025-05-11 19:41:34
81f16db3-cfd0-45c7-8d1c-7ea3ca02ab97,Wildan Kamil,5,kasih mode 7vs7,2025-05-11 19:41:15
04d2a8be-70a8-42d9-8ea1-3e26af78f6f4,Jarwo Tgl,5,seru sih cuman tolong bagusi bug nya🙏,2025-05-11 19:41:10
fdf7df47-ca38-4cbd-8ad8-21af5095c214,Arga,5,mlbb nya makin bagus,2025-05-11 19:41:06
02db0e5c-f1e8-4d63-bb31-aa82d5084d25,Devan Tama,5,game nya seru,2025-05-11 19:40:48
8c5649c2-0824-4340-9956-b7373ca0601b,Mohammad Syarofi,5,bagus banget klo bosen main ini tapi klo kalah jdi stress🗿,2025-05-11 19:40:00
1410d7a3-15ed-4f8b-a083-726cd9207177,Ngu Rah,1,Game baukkk banyak bug nya,2025-05-11 19:39:29
c29dd730-90a2-441d-bcdf-7df0b5c1a519,Fahri Ridawan,1,gak usah buat game klo gk niat kasik draksistem mulu,2025-05-11 19:39:25
ebffb51b-a965-4bfe-9656-f3eb3178a042,Saffwan Luqman,1,woi anj aku dh penat main game ni anj baik aku pensi ja dari pada main game ni,2025-05-11 19:37:36
86ac4869-a692-4555-8e2c-5b44b45b8da1,wildan akbar,1,"match tdk balance dan tdk sesuai dengan gameplay kita, tim random yang tdk paham cara bermain dan toxic, mobile legend adalah game yang di harus kan mempelajari banyak hal, banyak yang tidak mempelajari tp asal bermain. muak dan uninstall . menunggu perbaikan baru akan bermain lagi!",2025-05-11 19:36:49
b00db157-af13-4c0e-97d0-82d41ef59ead,M Khoiriza,5,"gak ngotak abis mitik honor bintang 25 langsung di kasih drak sistem gw Ampe turun ke mitik 10 ternyata tim gw drak sistem dan musuh top global Ama public pro,tapi walau begitu saya tetap suka ini game walau pun suka putus putus jaringan nya",2025-05-11 19:35:59
ca3552a3-da5c-459a-9870-0a7dce5fb698,Arik Ahza,5,montoon minta 5000 diamond plis banget kalau nggak dikasih yaudah kasih skin naruto perman plissss banget,2025-05-11 19:35:30
47e98efd-e8cd-4c7c-9afd-1106661bfa78,Roro Mendut,5,bagus banget aku suka banget harus cobain sih cepat download,2025-05-11 19:35:23
99917bfb-141b-46dc-a2e0-510f5c15280d,Karin Aulia,5,Mobile Legends:.. 🤗👍,2025-05-11 19:35:10
24628b69-6d53-4a9d-b669-f12ec9f03516,Muhammad Febri,1,Frame drop tiba2 Game RUSAK ! Dahlah galama lagi ni DeadGame,2025-05-11 19:34:52
3023742d-62d6-4439-82a2-59b45b928d10,Nindita haura,5,permainan ini sangat seru,2025-05-11 19:33:44
0e12effa-5ce7-4c22-ac9b-44c0e1d35c72,Raihan Dzahin,5,gamenya bagusss,2025-05-11 19:33:43
42396baf-ddcf-4892-9ddc-7ac4a4f519f9,Wisnu Saputra,1,"Game gak jelas,posisi win masa bot 4 orang bisa surrend begitu?!bikin gak mood aja",2025-05-11 19:33:23
2e65647f-c8cc-4873-bd6e-b5fda23e8362,Ros Yanti,5,game ini sangat cocok dengan saya,2025-05-11 19:33:11
ac6d644d-d684-4082-a102-404f5ac5db6b,Mimi Sumiati,5,rame cuma banyak dark sistem nya,2025-05-11 19:32:22
1c4c1a1c-daf2-4812-b704-8f7511cf19e2,shanum sachio,5,sangat seru,2025-05-11 19:31:39
a3b1cd68-7ec5-48cb-b171-d26c3165e822,Irvan Ramadhan,5,keren,2025-05-11 19:31:20
b491fa7b-7b55-454a-bf95-7751f4673340,Markoni Stevenson,1,"permainan tidak seru mati berkali-kali bisa hidup lagi, game para player toxic.",2025-05-11 19:31:01
c5db0c3d-2be6-4edf-9e91-ea730afdc43e,Efaldi Andinno,1,"INI GAME BURIK, GAK BISA LIAT KE ATAS, MAP SEMPIT, PEMAINNYA PADA BODOH SEMUA!!! Saya Win Streak hampir 10 × satu bintang lagi ke Mhythic malah kalah dikasih team buta map semua abis itu saya main lagi dan team nya masih sama pada buta map. Saya main lagi malah dikasih team bodoh, duo bucin, buta map. Ini Monton ngapain sih padahal 1 bintang lagi. Sama satu lagi jaringan!!!!!",2025-05-11 19:30:43
413d8a2f-13a4-4619-9b0b-b4b5ca03cc0f,Misiyah Misiyah,5,keren,2025-05-11 19:30:41
24b0e7b8-7f51-417b-9ba4-b62f61750139,Baso Goceng,5,sangat seru terimakasih sudah menghibur,2025-05-11 19:30:05
1788a2c0-774a-4cc6-a077-8a9ff153c08f,Fall_ Sajaa,5,"saya kasih bintang 5, tapi hapus aja drak sistemnya gw stuck di epick anj garagara drak sistem",2025-05-11 19:29:45
93578915-686c-45a7-aa36-9293e7a81d0e,Dante Tiktok,1,"Tolong lah keseimbangan kedua tim nya di perbaiki , ada cheat ada bug langsung gercep giliran Player feeder di biarkan begitu saja tidak di beri peringatan atau pun hukuman, dimana letak keadilannya?",2025-05-11 19:29:33
7f9d68db-e269-4956-ad73-e75448de0f3d,Wahyu Hidayat barman,5,geme ini boleh di perbaikii sedikit lah,2025-05-11 19:28:24
ff8f10e8-ef33-4ee0-9b67-b5658b477277,Fatur Rohman,1,"game apa coba, main game bukannya bikin Seneng malah bikin darah tinggi,setiap main Rank gak di kasih menang kalah Mulu ,musuh nya jago².............. dasar game kikir, developer gak jelas buat game!!!!!!!!",2025-05-11 19:28:17
1cbdedd5-6cbf-446f-9c10-96606de85bd4,kiki atma nugraha,1,"setiap mau naik tingkatan pasti gagal Mulu 2-5 gagal, arghh bisa gila lama lama main ni game",2025-05-11 19:27:59
86a79f86-89d8-418e-8a82-d802d93a1c12,Udin Basri,1,tolong di pantau banyak cheater berkeliaran setelah upgrade sering ckras ngeleg parah padahal jaringan bagus,2025-05-11 19:27:26
1801d917-d8db-4ba2-8d88-66f36e4de580,Anton Supriyadi,5,kasih aku lawan yang bot dong mang monton pliss pengen immortal yaa kalok gak immortal ya glory lah minimal,2025-05-11 19:26:58
41defffc-d210-4d57-bcd8-9ab37405d242,Arya Nugrahanto,1,game tai,2025-05-11 19:26:40
553fb26f-416f-4abd-b9d7-6558c56fc81c,Saprin Hadi,5,seru permainan ini mantap sangat menghibur,2025-05-11 19:26:30
b5b3f57d-af9b-4dc8-b98d-7cb9443b17ce,Muhammad Ridwan,5,Game na butut,2025-05-11 19:26:07
1a534064-63d5-46d5-8902-2602d06fca03,Zakaa Sontoloyo,5,keren cihuy semoga Allah memberi yang terbaik untuk monton amin,2025-05-11 19:26:05
a8fe1439-2ac6-493d-acb2-3c3e427ab3d5,Nur rofik Solih,1,"sekali main bagus abis itu di gabunginya sama bot..giliran main jelek di gabungin ama bot lagi, match making ga seimbang",2025-05-11 19:25:06
96d288dc-0258-4d07-a8a6-6f29ecd7aeec,Misnan Zahra,1,moonton ngetot,2025-05-11 19:24:59
b2bda9d1-8784-4d2b-8b4f-0ef34aff8023,Arman Reza,4,"game ini seru tapi kadang2 lag jadi gk enak main nya,mohon moonton jawab dan.musnakan drack sisten nya",2025-05-11 19:23:36
41a6c4b3-d71d-4aff-b633-250c2fb44633,Cokie yuna `,1,"Ngasih tim yang bener lah,masa dari tadi dapet tim jelek Mulu,tolong kasih tim yang seimbang,kasih aku wins streak",2025-05-11 19:22:52
b0838c58-003c-46ca-90ee-18ade68ed84d,Ian rizki,5,jaringan nya kenapa moonton suka ga bener padahal bagus sinyal gwe,2025-05-11 19:22:28
8ede2dcb-a24a-4ceb-b3e9-213f33eb0ad1,Azzam Habibie,5,bikin candu,2025-05-11 19:22:25
72b72468-7579-45ee-a406-e5a511698bf5,Aris Hidayat,5,mantap,2025-05-11 19:22:13
d8448a82-e4df-4abb-9b60-5e378f5966b3,Nur Aida Safitri,1,saya baru saja mau naik rank tapi kenapa harus kalah monton,2025-05-11 19:21:40
daad6110-a1e9-493d-a54d-8e9d56b83ec7,Ditxml Dit,1,game aneh lagi asik² record tiba² akun kena band aneh,2025-05-11 19:21:18
7a4bc87b-c772-47d4-9526-de523af07dd4,Tes akun 1,5,gacor banget jirr,2025-05-11 19:20:14
d0ceedee-9005-47cf-9b3c-e9f30047bfbb,renaldi hendri,1,"udah lost 11 kali kalah nya allah draksistem moonton gima ya, akun aku Chiori",2025-05-11 19:20:01
48c0c931-96c6-41af-8c90-4ca61bcd100c,anya luys,5,mantap game ini,2025-05-11 19:19:58
88974f3d-4abe-4933-bf46-ee9126bc6977,Lili Maryati,5,Gamenya baguss bangett,2025-05-11 19:19:00
321727fa-b7e8-4fe5-8c4a-2a09cfd76dd0,Faizal Abi,5,Mending pindah HOK. setiap main epik pasti tim nya warior musuh nya myitik setiap main pasti kalah kontolllll,2025-05-11 19:18:10
112a07a8-ba64-47f9-a1a9-cad830d382ae,yorinka,1,"Saya cuman AFK 1 menit, dan online Balik selama 20 menit, kok masih disebut AFK? Ini gak adil cok",2025-05-11 19:17:58
0826ae85-0500-48d5-8fc1-703f63a32d88,Aditya Putra,1,losetreak trsssss,2025-05-11 19:17:55
1d779fba-a340-4329-bff7-f7d893414f02,Heykal Sul,1,moonton tolong game Lo rusak gue mau login ml malah ada tulisanya mobile legends doang,2025-05-11 19:16:43
e6c0cf7e-3f72-4309-87fc-bda84dcfc28e,Suriati Suriati,1,emng GK direkomendasikan nih game kasih skin emng GK iklas lebih baik main HOK AJ GK wajar nih game,2025-05-11 19:16:31
79e40f7f-4f20-4309-85b9-e5b722eb8c5f,Hdhkdfuoyof Odyyoryro,5,games nya seru bikin ngamuk mana susah banget ini benar-benar seru☺,2025-05-11 19:15:40
11a1e8a8-f5d0-4bc1-95e8-e639f06e3fb6,Ibnu Ubaidillah,5,baru mantap,2025-05-11 19:15:21
29f72841-8988-493a-a1c0-73b8b800a5d7,dhenny fauzi,5,Game nya bagus kapan kapan collab bisa sama kimetsu no yaiba?,2025-05-11 19:15:19
c6ddfb43-b7a5-448b-bc75-16bee6506024,Afif anzana,5,kasihani lah kami moonton dh capek naikin malah turun dpt team dakr sistem mulu,2025-05-11 19:14:58
1f66a667-d824-4f8a-9b38-fe70f253d172,Izkan,2,bruhh,2025-05-11 19:14:36
9d951a85-1607-4bc4-9328-85521f816564,Viko Dayat,1,Game bikin emosi,2025-05-11 19:14:28
21b45df3-1f37-4bbb-a1e8-061038aa1e60,Onkey KZN,5,Best game in the world,2025-05-11 19:12:24
2cf3fa4a-6534-4a49-a401-45340dac821e,Josafath Situngkir,1,"woi moonton kalo bikin darksystem jangan mencoloklah setidaknya kalo kita yg korban kena kasih kesempatan reportlah game jahanam, emang game rusak, itulah alasan susah naik pangkat, kalopun nge stel kasih darksystem jangan tiap matchlah ngotak dikit,bintang 1 juga ga layak ini game,game stress ini mah",2025-05-11 19:12:00
8945bcc8-f6d2-4669-b482-b0a389cc7419,Rije Tods,1,main classic lancar main rank ngelag ajg,2025-05-11 19:11:40
c285be78-869b-46e0-a235-d0e384354e51,Salsa Biilaaa,5,gamenya asik aku suka apalagi kalau lagi gak ada kerjaan bisa main mobile legends,2025-05-11 19:10:58
9e1fee6b-659b-49d1-8fa8-5ac7f10da7b3,Veri Alfandi1160,1,gua kalah nulu plis monton dapetin temen yang bagus lah jangan kek ga niat main gitu maching ga adil musuh jago temen bodoh,2025-05-11 19:10:25
ab73fdf9-d1a4-407f-92b5-b9fb9a2ba1cb,Dandi Saputra,1,gak bisa dimainin diwaktu ngelek,2025-05-11 19:09:53
6ac993a9-97af-4bb4-af04-ef0d59cd89e6,Umi Nina,4,bagus sih tapi yang donlot banyak ff wel,2025-05-11 19:09:42
e6694a9e-8750-4341-85bc-1bb974978bec,Anugrah Bagas Apriyadi,5,bagus,2025-05-11 19:08:54
34e8e07b-5e14-40d7-9cc4-fcec5a2436f2,Kii permana,2,gem yang sangat bagus tapi gw saranin mending main hok co ml penuh drak system dan gem ini sangat ramah kata² yang muncul mutiara mending hok cuy ga ada drak system kalo ga mau pusing jangan dwonload ni gem,2025-05-11 19:08:18
3977231e-166b-4fe1-b751-5c486a17f8ae,Okta Aldiansyah,2,"GAME YG TIDAK ADIL, PEMBERIAN HUKUMAN SANGAT TIDAK MASUK AKAL. SAYA AFK, NAMUN BERHASIL LOGIN LAGI DAN MEMBAWA TIM KE KEMENANGAN. NAMUN SERING KALI REKAN TIM SAYA AFK TIDAK MENDAPAT HUKUMAN.",2025-05-11 19:08:15
fde44b93-40da-413a-8c9c-32030f7ed901,Dikaaa Pratama,1,"hadeh, costumer service nya aneh, saya udah ngajuin laporan untuk publik katanya ditanggepi bakal di ban selama 30 hari namun apa? haha pemain tersebut masih saja bisa bermain katanya sudah dibanned selama 30 hari? pelanggan untuk player tersebut termasuk parah lho rasisme, radikalisme, sara namun belum dibanned? hadeh hadeh, ku kira customer service nya bisa dipercaya namun apa saya sudah menunggu 24 jam ditanggepi namun belum di laksanakan, aneh aneh yang tegas dong Moonton, terimakasih.",2025-05-11 19:08:12
0a297c31-8bed-44da-9e33-ac6249523596,Roro Zoro,1,minimal bisa bikin server kedaong budo²an,2025-05-11 19:07:53
f4e5b47b-29b5-40a1-9d3d-522a98237d06,Lemong Cuy,1,"jaringan leg parah, buruk banget game sekarang, tolong jaringannya kalo lagi main tuh jangan leg lah,",2025-05-11 19:07:13
b80cb7de-d550-4514-9f72-1f23297d11e1,Bintang Fadhil Muhammad,5,"gamenya udah bagus, tapi login tiktok login google ga bisa, mana akun Facebook Ama akun moonton gw ilang lgi, kepaksa make akun baru gw, akun guest... gini amat ya org biasa",2025-05-11 19:06:22
0207312f-66c3-4989-923f-5d94419bb255,--,5,game nya seru banget,2025-05-11 19:06:00
d1fdce25-d05e-4aac-9a0b-7aaefe6a21c8,Alya Islami12,4,bagus banget game nya tapi pas master susah banget tolong di up grade ya ml agar yang mau main rank gak takut kalo udh master terus temen aku main rank tolong dibenerin ya ml tapi udah bagus kok game nya ♥️😚🥰,2025-05-11 19:05:33
8e01c95a-f00f-4c29-8239-ffba4672ce1a,Sania Hidayat,5,enak banget gemnya bagus,2025-05-11 19:04:26
8498a6f4-11e8-4f14-bced-9abd621afe4e,Akram Dwi yarra,5,aaaaah yamete,2025-05-11 19:04:15
a164301d-55ac-4a0e-8700-b63136db47d0,Bukan si AL,1,"game kikir, kalo gk top up di kalahin terus👍",2025-05-11 19:04:08
f83b53f4-5c73-41d1-894d-89e4264c9fa2,Yanto Linggau,1,jelek,2025-05-11 19:04:03
da9d0317-471a-4cb8-869f-669673b6ce80,Nengsih,5,assalamualaikum monton gemnya bagus tapi ada yang kurang masa sih pas baru di download harus download skin dan Hero sampe 2gb tolong diperkecil jangan sampe 2gb paling 1gb lah kuota gw habis 😭,2025-05-11 19:03:25
d7332cac-93d8-4291-a495-0edcb5047673,Kasdi Awal,1,Kalau mau download ini game mending saran gua jangan karna apa mooton ga adil kasi tim masa ngasih tim yg ngak bisa main. dan satu lagi moonton pilih kasih ngasih tim ke orang tertentu aja mending jangan download ini game kalau gamau stress,2025-05-11 19:02:48
097e56ce-b40f-4caf-9808-8f1c52cd8103,sezyyy celll,5,lepasin akun ku moonton aku ga ngapa ngapain lo ko tiba tiba di banned akun ku,2025-05-11 19:02:10
20e909c0-412c-42f2-86c9-9cb37168d0df,Vilala 2,1,game dongo penurun iq,2025-05-11 19:01:38
396d19c5-517c-4bec-924b-8b87c63a8ac6,bosok suk,5,game ini sangat menghibur dan sangat seruu,2025-05-11 19:01:11
7a1e5fb8-444b-438c-8c59-c686efce2a09,Chendika,5,kurangi Draksistem sama kasih musuh yang berat.terus kasih skin gratis,2025-05-11 19:00:34
9144c6b2-32d3-4089-9be4-7dfa47b6b0ad,Gita Andarini,1,"game nya bagus cuman banyak banget bot, menit 10 kebawah udh ngajak suren mati pada banyak banget minimal temuin sama-sama kuat bukan nya tim gw lemah ketemu tim jago. mau mvp savage apapun kalo tim nya jelek ya main jadi ga enakk.",2025-05-11 19:00:07
a94880aa-4967-475d-95ba-9986d69ce6fe,Fikri Gamingch,1,Sinyal nya benerin lagi،lagi maen merah giliran mati ijo gmn ni game,2025-05-11 18:59:55
a6966a43-e362-45ba-8a25-2e4678f509ab,Royal Royal Ros,5,wahai papi monton tolong ada bug gw gak bisa dowload data🥲,2025-05-11 18:59:47
e490be8f-0976-43c6-ac7f-209e30b8062b,Rezky Chandra,5,"mending ini daripada disebelah, ya honor of king",2025-05-11 18:57:58
c64beb75-cfd1-41cd-90de-4a482f940ed0,Amin Muhaimin,5,bagus enak ahh,2025-05-11 18:56:55
35e8de75-1a6b-4433-a177-de274d376d96,Zahra 00,4,Jadi menurut aku bagus tapi tolong ya perbaiki bagian wifi padahal wifi dirumah ku lancar loh tapi disitu warnanya merah montoon padahal aku udah deket sama wifi tapi kenapa ngelag montoon tolong kah montonnn,2025-05-11 18:56:52
e888abd4-9291-473c-a57b-829ed32dabb3,Naufal ainurachman Pratama,1,game haram ngeleg nanget jangan donlowd,2025-05-11 18:56:36
36721b68-d287-4450-92d3-f93a29a4a525,Idah,5,ini game pertama saya,2025-05-11 18:56:35
a38faff8-7eaf-4176-afb4-aafcf2303325,Kurapika Kilua,4,seru sekali aku suka enak hero banyak,2025-05-11 18:56:20
3a5b65f6-896a-4de6-a222-bdd942e826c8,Abil Raha,2,"perbaikan lagi server nya lag terus saat main jaringan oke HP jg oke tapi loading di game maju maju sendiri ga jelas ini bukan cuman saya yg rasain tapi teman saya juga, mohon diperbaiki lagi kalau ga di perbaiki mau pindah game",2025-05-11 18:54:51
d0a5841a-ba44-423f-9d1e-f5ac0ab0ff61,rizky pontianak,5,seru banget,2025-05-11 18:54:27
6ae82c6f-386b-4b1e-a395-59ca45c0051d,Dominggo Tarigan,5,karna gem ya bagus dah seru dan sangat mengurangi setres,2025-05-11 18:53:40
7d40cc29-37e0-48af-90f9-bc80fda18d56,Rizal Halimi,1,"5 jam main ,dapat team nya yang bobrok terus., payah makin parah ,sekarang main signal lag parah",2025-05-11 18:51:35
7b30adaf-3547-44c0-b708-a84ced1cfbe8,Ahmad Tohir,1,15x lose ko bisa sih game aneh sampah gw uninstall nie game,2025-05-11 18:51:26
d98310e4-0f72-434f-bb48-4f87a99e4fec,Diana Wartiyem,1,game perusak anak bangsa top up banyak demi skin padahal yang top up beras di rumah nya habis wajib di musnahkan,2025-05-11 18:51:10
3c0185c4-a1c9-47f7-9244-e7ca80e19cc4,Zacky Faiz zacky,1,orang mau ngepush di kasih dark sistem mulu,2025-05-11 18:50:51
d99d347d-797d-4dcd-ab77-af99a0844303,Bayu Angga,5,keren tapi cepet ngeleg nya tapi ini game favorit ku gak kayak game burik👍👍👍👍👍👍👍👍👍👍👍👍👍👍👍👍👍👍👍👍👍👍👍👍👍👍👍👍👍👍👍👍👍👍👍👍👍👍👍👍👍👍👍👍👍👍👍👍👍👍👍👍✅✅✅✅✅✅✅✅✅✅✅✅✅✅✅✅✅✅✅✅✅✅✅✅✅✅✅✅✅✅✅✅✅✅✅✅✅✅✅✅✅✅✅✅✅✅✅✅✅✅✅✅✅✅✅✅✅✅✅✅✅✅✅✅✅✅✅✅✅✅✅✅✅✅✅✅✅✅✅✅✅✅✅✅✅✅✅✅✅✅✅✅✅✅✅✅✅,2025-05-11 18:50:47
06a02cc6-d732-4ba0-8337-1d4ecac63202,ANDREW JANSEN,5,"setelah di update sudah semakin baik, mantap moonton mendengarkan masukan orang lain",2025-05-11 18:50:46
df7cf9de-56c2-4f4e-9e3a-35ee35dc81f0,Zamzamabdulhak,4,game yang lumayan seru,2025-05-11 18:50:19
6b3701f1-1b5a-4253-b153-a9180b5cda18,aliyandra my,5,Buat collab udh bagus cuma kadang pas di game ada darksistem sama event naruto kasih drop ratenya lebih tinggin,2025-05-11 18:50:09
fc030bba-8560-44c8-a3cb-fb11a2ea7b3a,BLE • Legend,4,Lumayan lah,2025-05-11 18:48:20
723fbbdb-8b4a-4453-a13d-4e45287daffe,jundi bonek,5,sangat baguss,2025-05-11 18:48:16
fff8c5db-8e03-4e95-a8c7-32b151c21736,Syarif Rafi,1,"kasih tim gajelas mulu dapet mm gak pecus maen terus hyper lawak musuh jago tim bucin setim sama sesama player xp pulak gimana gk jelas matchmackingnya udahmah kayak pura2 gk tau aja ini monton giliran rilis skin apalagi skin collab langsng mata duitan memng developer hina lagi kikir tolonglah kalo setim sama yang skillnya imbang kocak bukan berat sebelah developer iblis,dan masalah afk credit score gw afk diclassik pake khaled mvp dimainin komputer malah ga bisa main rank-9credit score gk adil",2025-05-11 18:47:53
8f081bc5-7f89-402d-bd74-37782b138f3c,Salsabila Atirah,1,sistem rosak,2025-05-11 18:44:19
12ab15ec-acca-406e-baad-4b98f0050f9a,Friska Dewiii,5,agak stres,2025-05-11 18:43:38
0e7f9a1d-817c-4ad1-bf76-bf574358c5c5,Ahmad Mildan,5,geme bagus,2025-05-11 18:43:09
e62f78d8-251a-453d-bf50-92e656987a38,Putri Mandai,5,"okelah , tapi saran ku untuk daftar teman itu bikin kaya di magic chess aja deh kadang risih kalau daftar teman itu bentuknya full size kadang aku risih ! nampak foto profil kaya di magic chess aja biar kesannya simple",2025-05-11 18:41:59
8ee4c1a2-44b1-4cf5-9659-5ad0c1d6aaa5,Rdw Official,1,"game gk jelas giliran mau naik ke legend di kasih musuh yg sulit mulu, tolong moonton jangan buat kami stres lah",2025-05-11 18:41:53
ae845e5e-a7a9-4a37-a513-5f87930e73bf,Agus Setiawan,5,kren,2025-05-11 18:41:28
e32a28ef-08ac-42ab-9653-f07d44e2ba3d,dafa alfathur,4,mantap game nya bagus tapi lumayan berat dan jaringan sering jumping padahal wifinya sudah bagus,2025-05-11 18:40:11
294350dd-aef1-4628-a324-c22abe055341,Aqshal.aqshal,1,tolong lah moonton kalo ngasih tim yang seimbang Napa sama musuh kan kalo di Kasih tim yang seimbang kan gampang lawan musuh nya nggak berat sebelah masa bikin game gak bisa nentuin tim yang seimbang sama musu adil sih adil tolong lah pertimbangan kembali kalo buat nentuin tim,2025-05-11 18:39:29
731edf1a-a693-43db-9dc0-8a6b75da23ed,Ali Wafi,1,kebanyakan event tp jaringan busuk... main solo full dark system,2025-05-11 18:39:09
3b68095f-277c-4e2f-9775-6b89d8d408f2,Madon Laek,5,game nya bagus,2025-05-11 18:39:08
1f0ea970-f440-4be8-8d47-a62e55815524,Arbani Ansyah,1,permainan yg sangat tidak bermutu nyesal gua down load mudah teman teman banyak yg kapok kebanyakan jual skin,2025-05-11 18:39:01
d99384b6-5f72-465e-ae11-97d9f3fc05e0,Ahmad Zola,5,seru sekali,2025-05-11 18:38:09
a3777323-b406-4363-a9f2-ca659ca037a1,khanza aresha almahyra,5,ini sangat ku suka,2025-05-11 18:38:01
68d86163-b636-4dcf-9708-3b3c910f3d17,Rallyfury101,1,"game sangat buruk, ngelag Trus",2025-05-11 18:37:31
ecefcfef-175f-4e97-91d9-740e24438f0e,Eirazo H Askief,5,sangag bagus,2025-05-11 18:36:56
473004c9-e476-48e6-9778-909d848db265,Kerry Mntiry,5,keren,2025-05-11 18:34:38
af5886cf-e9d5-430f-a3d4-50b5a0038daa,Zul fadly,1,game ga jelas pin nya naik turun,2025-05-11 18:34:04
259061c9-9588-46e2-b6a8-45a9c4c26436,Yohanes Hanes,1,mahal bgt GB YA soal nya main di hp xiomi 6a dulu bisa kok sekarang ga bisa sih tolong in benerin ya dulu ya soal nya buat main,2025-05-11 18:34:00
c8190118-d5fe-4221-9f43-614c6ed08ae2,someone ganteng,2,"Overall bagus ini game, tapi moonton tolong banget nih jangan pelit, aku tuh udah nabung buat neobeast diakun kedua ku karena aku pakai mode hemat wdp diakun utama udah 10/10, nah yaudah aku pake akun clone, eh pas udah dapet 1200 creast malah gak bisa di gift karena gak punya skinnya, moonton pls lah aku tuh jadi rugi, ya walaupun aku gak punya skinnya minimal bisa di gift lah, bayangin aja moonton aku udah berjuang mati mati an mode hemat, ya mungkin aku juga salah ga cari informasi dulu.",2025-05-11 18:33:47
57c9b872-0690-40e8-ae98-bc39c4b72a14,Ibad fawwazi,4,untuk developer MLBB apakah ada bug secara tersembunyi karna saya setelah top up diamond diamond saya hilang setengah padahal saya tidak spin apa² mohon agar di perbaiki dan kalo bisa kembalikan diamon yg hilang secara tiba² yaitu sekitar 81 diamond,2025-05-11 18:33:30
751b2892-9715-49da-ba89-27f8254e479b,IBRA 1824,1,"lawan gak seimbang, gajelas, hilangkan darksistem",2025-05-11 18:33:30
1ed6b3b6-dc37-4e3c-9492-117334d87345,Taufik,5,kurama recall² anjayyyyy btw bagus sih game nya cuma buat moonton kurangin lah dark sistem,2025-05-11 18:33:12
caee04e5-7090-40fe-bacb-3eac0ab318ff,SappAja,5,"ke glory makin gampang, bikin tambah susah lagi dong toonnn",2025-05-11 18:32:48
24ab153e-756a-4eeb-b643-d9c63fe8435c,Muh Iqbal,2,"monton klo ngasi lawan yg bener dong masa musuh nya jago"" di tim gw kayak badut smua mainya lawak""",2025-05-11 18:32:03
20163ed0-e23e-4a34-8174-992b7ff103a5,ガネーシャお客様（ダニ）,2,"ks (kredit skor) ga naik naik atau lama bngt naik nya, kalo di laporin orang ks nya turun nya banyak, kalo yang nglaporin saya sendiri turun cuma 2/3, sebelum nya kredit skor saya 97 minus nya 7 poin lalu saya paas main afk bentar trs masuk lagi setelah game selesai kok skor nya gada atau ada tulisan AFK ks saya turun 4 poin",2025-05-11 18:31:52
86629e85-6823-47a7-bf01-89d79e56f449,料金Ryu,1,di kasih team dark sistem mulu,2025-05-11 18:31:16
cc13eb70-3a35-4d21-ba2d-d043227b7b29,Wisno sahdan,1,"game burik, sistemnya buruk, main solo sudah menang sekali, pas main ke dua kalinya sudah kalah dan kalah lagi,.susah naikin reng ,,.di kasih lawan yg sudah pro.",2025-05-11 18:30:56
4134e95c-1ebb-4071-8434-857f3e8f239f,Darmansyah Yura,5,game seru,2025-05-11 18:29:08
c35309ce-74ff-4cdf-baf2-deb254ee2b9b,Favian Refliana,1,kasih ws dong bosan kalah menang Mulu kasih tim jago,2025-05-11 18:28:14
36091912-676d-4eab-8a25-806e80b9fdff,Khomariah Cantik,4,game nya banyak draksistem😭🙏🏻,2025-05-11 18:27:27
991c2040-8099-4c2d-aac4-587b02991092,Akbar Aisyah,1,game pilih kasih,2025-05-11 18:26:10
07bedb73-dada-4a95-b3de-8eefda678296,Ketut Repin,1,menurut saya hanya menurut saya game ini bukannya bikin hilang stress malah nambah stress untuk developer kalo enggak ingin pemain pindah game jangan bikin lose sampai lebih 3 kali,2025-05-11 18:25:43
abcb346e-8e27-426d-afe8-196cab0229bb,Putra Sandii,5,aku kasik Bintang lima tapi pemain nya yang bagus la biar semakin semangat aku kalok maen,2025-05-11 18:24:26
2a6fa935-4b7f-4f06-ade6-63f0feb92e85,Wilhelmina Timisela,5,"bagus bangett walaupun jarang main, tapi gamenya bagus banget. thankyou moonton",2025-05-11 18:24:13
ba3628cc-d77f-4a36-b6c9-0f72c756961d,Fadil Aja,5,bismillah aku menang,2025-05-11 18:23:53
283dd7b8-3fda-420e-ade5-b8b37d6c7512,Fiqih Ramadhansyah,1,menang kalah terus game burik,2025-05-11 18:23:52
2d93e46c-c57c-45b8-8185-80c0a86a27bc,Nando Bryan,1,game penambah emosi,2025-05-11 18:23:11
a8e82355-5ad5-4ce8-8d7a-94b5414eeed4,Alfadi Utomo,5,manteb jiwaa,2025-05-11 18:23:08
a8a583d9-a85a-47eb-b9a8-af74a87c256c,Alfaeyza Shakil Abdillah,5,game nya bagus,2025-05-11 18:22:14
6282a9fe-bc49-4429-a6e3-df26f64167b0,Keyzia46 Giari,4,keren,2025-05-11 18:21:18
dc20001e-8b35-43eb-85fc-33150202de5d,Fabio 738,5,bagus cokk,2025-05-11 18:20:24
9ab127a6-742d-43ff-aca7-0721c797521b,Vicky Ky 7 malik,1,mantapp game terbaik yang pernah saya mainkan sekali se umur hidup.. saking bagus nyaa hp saya ga sengaja terpukul saking asik nya maen ni game kelazz muntunnn..mentalku menyalahh🔥🔥🔥🔥🔥😇,2025-05-11 18:18:47
f41d1a9b-d547-4cea-a586-b25ffca0735f,Muhammad Roihan,5,gem nya bagus andai akun ku yg dulu gak ilang pasti aku mainya dari dulu tapi aku tetep suka sama gem nya,2025-05-11 18:17:55
d607edfe-bad5-432f-a9da-0704db10b59b,Saleh Yuli,1,secara game oke cuma performa nya selalu jelek kita sdah hmpir menang mlah di colong mna lwan nya kuat semua lgi untuk moonton tlong lbih di prhtikan dlam pmilhan lwan nya jdi kya game amburadul z jdi ga kya game bermutu z,2025-05-11 18:17:19
f51b7578-badc-44b3-b77b-49599605ff2d,Faiz Abdul,5,tolong jangan kasih draksistem,2025-05-11 18:16:15
a1dfed53-e166-475c-ad67-e0e1a39b4a6b,Keenandra hamizan Sandikanata,5,akhirnya saya sudah epic sudah dua tahun saya main game paling saya benci adalah honor of Kings jadi ku kasih bintang 5,2025-05-11 18:16:07
7d36968f-e6c7-44df-b4bd-cfb23a49b3fd,Al Attar,1,saya tidak suka karena ada dark sistem,2025-05-11 18:16:02
7b6cab68-14c1-43dc-827b-b1a5ac8d7938,Banez474 Silva,5,good game...,2025-05-11 18:15:37
a7f85282-7fc9-468d-91dd-37f5d6c71181,dwi yuni,4,kdrt lho,2025-05-11 18:15:12
799b8ce7-4168-45b2-a6dc-42c0483f5203,Adriel Alfarizzio,1,"Apasih,kasih musuh keras >:(",2025-05-11 18:13:02
73c72793-d91b-4c35-b713-9613b758e34b,Muhamad Reza,1,udah pindah game lqin aja ngapin maen game sampah,2025-05-11 18:12:41
68a192b9-366e-44a0-8a29-b6939bb25927,Athar Ramadhan,5,game nya seru ada yg mau mabar,2025-05-11 18:12:25
346d2841-2810-40a7-b417-f637259b4b75,JB-POWER RANGER,5,kece bet tapi banyak dark sistem,2025-05-11 18:11:59
0ab8dbb0-abd5-44c1-983a-73035b9ac80b,anugrah Uga,1,👀👀🤜🤛🙆,2025-05-11 18:09:47
1682ed8d-54df-4d52-a128-4eb11f4a65e4,Risris Masyrifah,5,Okelah,2025-05-11 18:08:52
e6e22a1f-215b-4036-950e-f8f3e7348902,Fajrul Falah,5,bikin kecanduan,2025-05-11 18:08:39
fbe9798d-ec9c-4125-8a40-78ee5a671131,alit abas,1,"match nya gak seimbang, di kasih msuh yg jago sedangkan temen di kasihnya yg ampas",2025-05-11 18:08:30
e913bb3a-2fdc-4104-8d85-a4ae7cddb3a8,Riskiy A.R,2,"Game yg sangat baik untuk yang darahnya rendah silahkan mainkan game ini,game yg hanya mentingkan event kenyamanan bermain player tidak pernah di utamakan apalagi pembagian tim dan lawan yg slalu tidak seimbang,sering di kasi tim bot yg emang sengaja di atur oleh pihak game ini terimakasih monton",2025-05-11 18:06:45
bbce6151-f566-4b4a-8815-28b47d55fe92,saifudnt bridstone,5,jos,2025-05-11 18:06:36
8844e537-5c23-409f-9ad8-f81e07e3de18,Repan Septian,5,bagus banget beri banyak saya win atrak,2025-05-11 18:06:30
67afeac2-1ead-461c-bca9-317d54611627,Ardian Anugerah,4,masa dapet dark system semua,2025-05-11 18:05:11
b24bd2aa-0db3-45ae-8428-ddb35af8b09e,Wildan Mubarok,5,Game nya bagus,2025-05-11 18:02:09
f4658b5b-88f1-4be4-ab30-060a2eaf4a27,M. REZA REZA,5,bagus,2025-05-11 17:59:58
ae66df3f-95fe-4c4f-b427-b26c4703cc91,Gio Pardede,5,game ini sangat seru dan enak dimainkan,2025-05-11 17:59:55
49c9cb0e-3c10-4419-ac3c-d278eaefcc8c,Agus Hartanto,1,"game gak adil, setiap main rank selalu dikasih tim bot, sedangkan musuhnya malah dikasih yang pro pro gabakal saya kasih bintang 5 game jelek",2025-05-11 17:59:43
d217856b-59c3-42a6-bbea-b9ddcfd8b7c0,Kusuma Rangga,5,mantap,2025-05-11 17:58:54
8f877c48-bd1e-4063-85a0-3ead1b16ec06,Maulid za Hidayat,1,kasih tim ngotak dikit Napa monton,2025-05-11 17:58:47
40465dbf-6241-442c-943e-8a5c98658e57,Slamet Nurdiansyah,1,RUSAK BUG JARINGAN PARAH BANGET SEMENJAK ADA EVENT NARUTO!,2025-05-11 17:58:38
a30070c3-5b7f-4f16-8fa5-55c46c8aa57b,Brata Sena,1,Player nya di timku dark sistem semua,2025-05-11 17:57:47
0c589e43-2908-4c5a-891d-acd4b92fa629,Vivo Y12s,5,"game sangat bagus tapi kalau pake datanya gak ada sinyal jadi bug ,hmmm. menurut sudah bagus sekali 👍☺️",2025-05-11 17:57:44
87b7cd66-d143-4428-99f0-2daac086fcc0,Santi i,1,Game yg sangat tidak ramah lagi ketika lu kasih gw menang dan tiba2 dikasih losestreak game yg sangat direkomendasikan,2025-05-11 17:57:13
bf8ce8d4-501d-46b7-874c-942815f92abc,Sugi Wijaya,1,game error ya 🤣🤣🤣🤣🤣,2025-05-11 17:55:53
1ed61630-73df-41ff-bf9a-1d03ad36c1f7,Iyan kasian,4,bagus .. cuman terlalu mempersulit drax sistem ngasih tim bott,2025-05-11 17:51:44
34bbb430-9bcb-4861-82c5-6507e1ac696d,Regi Saputra,5,gud,2025-05-11 17:51:06
3016e935-2c0c-4290-b429-b00d00f8e3a1,Putra Hehei,5,mantap geme,2025-05-11 17:50:23
5d09e631-ef89-4444-92a5-a6bc5d84c94c,sar dani,5,bagus sekali🥳🥳🥳🥳🥳🥳🥳🥳🥳🥳🥳🥳🥳🥳,2025-05-11 17:50:07
53ec8e6f-c0a9-462d-877c-4bcc79e61589,Aida Jurai,5,gem bagus☺,2025-05-11 17:50:04
3a0ba8c7-7e86-4987-9606-747747c9cc6c,Mr Yuzza,2,"kok skrng kalau lagi main sering delay skil dari hero yah? padahal ping jaringan bagus, tolong di perbaiki masalah ini, , sangat tidak nyaman saat bermain",2025-05-11 17:50:02
093f0b33-0638-4b9a-9d93-c622d7edfb2e,Aji Argianto,1,"Pokoknya keren dah ,,, walaupun banyak dark sistem tapi klo kata saya tambahin skin phoveus dong kasian saya ngeliat nya yg lain punya skin bagus si phoveus kagak ada tolong di tambahin y terimakasih 🙏 montoon pilih kasih gak kasih saya mitik mending pindah game aja dah malas aku iki",2025-05-11 17:50:00
532525fe-05e0-493d-a0eb-33eb5097c86d,Ari Cahyono,5,Game ini bagus banget,2025-05-11 17:49:39
07d0f436-96a0-4d54-896c-8b8c17f28bc0,Dayat Doday,1,game burik,2025-05-11 17:49:10
1b8e0c43-6656-40c3-add8-bee94849a9cc,Khairul Zami,1,jangan main geme ini nanti kalian stres,2025-05-11 17:47:46
052cfaf9-9288-4cc8-b92c-9baf3160e9d9,Alam akbar Pratama,1,"dari seluruh game yg ada customer service nya. game ini yg customer service nya paling jelek. jelas jelas gw ketemu player yg mengganggu permainan tapi pas gw report dibales ""maaf player tersebut tidak melakukan pelanggaran"" game rusak jelek bgt layanan nya ampas",2025-05-11 17:46:10
182e7eb1-add8-434f-a381-28a8e87c5b6d,Renny Kurnia,1,tim gak seimbang,2025-05-11 17:45:49
44891cc8-b85c-41e2-83f8-8bc92e9a1225,Fathurrahman,1,"wah game ini sangat menarik sampai saya ingin berkata kasar yaa moonton, tolong besok role nya di tentuin dari lobby nya siapa yang ngambil role orang di ban 1 hari gtu deh moonton. trus milihin tim nya yang bener moonton jngn kasih hewani ke tim saya cape saya moonton asli... oh iyaa moonton tolong report report akun nya. langsung di proses aja cape nunggu mereka di ban.",2025-05-11 17:45:31
99f22075-6178-4fae-b8f9-2991c012f930,Feni Lia,4,"moonton klo bisa kasih team yang BENER ya..soalnya stiap dikasih tim pasti BLOON semua😇,udah itu aja yang yang harus diperbaiki kalo bisa sih yang jago lawan jago klo kyk aku gini ksih yang bot aja moonton.😘",2025-05-11 17:43:04
5287851b-a097-4462-a5bd-ea03a7f81c63,Rifai Ramadan,5,"asikkin aja ni game!!!!?!?!?!?,?!?!??@?!?!???!?!?!?!?!?!?!?!?!??!?!?!?!?!?!?!?!",2025-05-11 17:42:44
